rule_id,status,role_addresses,role_mentions
account_disable_post_pw_expiration,pass,yes,roles/cis_hardening/tasks/users.yml:20; roles/cis_hardening/tasks/pam.yml:69; roles/cis_hardening/tasks/services.yml:14; roles/cis_hardening/tasks/kernel_modules.yml:2; roles/cis_hardening/tasks/process_hardening.yml:26; roles/cis_hardening/defaults/main.yml:80
account_unique_id,pass,yes,roles/cis_hardening/tasks/users.yml:20; roles/cis_hardening/tasks/pam.yml:69
account_unique_name,pass,yes,roles/cis_hardening/tasks/users.yml:20; roles/cis_hardening/tasks/pam.yml:69
accounts_maximum_age_login_defs,pass,yes,roles/cis_hardening/tasks/users.yml:14; roles/cis_hardening/tasks/ssh.yml:81; roles/cis_hardening/tasks/pam.yml:91; roles/cis_hardening/defaults/main.yml:37; roles/cis_hardening/templates/sshd_01_cis.conf.j2:7
accounts_no_uid_except_zero,pass,yes,roles/cis_hardening/tasks/users.yml:20; roles/cis_hardening/tasks/pam.yml:146
accounts_password_all_shadowed,pass,yes,roles/cis_hardening/tasks/users.yml:20; roles/cis_hardening/tasks/ssh.yml:81; roles/cis_hardening/tasks/pam.yml:2; roles/cis_hardening/tasks/main.yml:89; roles/cis_hardening/defaults/main.yml:38; roles/cis_hardening/templates/sshd_01_cis.conf.j2:8
accounts_password_last_change_is_in_past,pass,yes,roles/cis_hardening/tasks/updates_apparmor.yml:46; roles/cis_hardening/tasks/network.yml:5; roles/cis_hardening/tasks/users.yml:18; roles/cis_hardening/tasks/ssh.yml:81; roles/cis_hardening/tasks/pam.yml:2; roles/cis_hardening/tasks/logging_audit.yml:80; roles/cis_hardening/tasks/kernel_modules.yml:23; roles/cis_hardening/tasks/main.yml:89; roles/cis_hardening/tasks/file_perms.yml:42; roles/cis_hardening/defaults/main.yml:38; roles/cis_hardening/templates/sshd_01_cis.conf.j2:8; roles/cis_hardening/handlers/main.yml:15
accounts_password_pam_dcredit,pass,yes,roles/cis_hardening/tasks/users.yml:20; roles/cis_hardening/tasks/ssh.yml:81; roles/cis_hardening/tasks/pam.yml:2; roles/cis_hardening/tasks/main.yml:89; roles/cis_hardening/defaults/main.yml:11; roles/cis_hardening/templates/sshd_01_cis.conf.j2:8
accounts_password_pam_dictcheck,pass,yes,roles/cis_hardening/tasks/users.yml:20; roles/cis_hardening/tasks/ssh.yml:81; roles/cis_hardening/tasks/pam.yml:2; roles/cis_hardening/tasks/main.yml:89; roles/cis_hardening/defaults/main.yml:38; roles/cis_hardening/templates/sshd_01_cis.conf.j2:8
accounts_password_pam_difok,pass,yes,roles/cis_hardening/tasks/users.yml:20; roles/cis_hardening/tasks/ssh.yml:81; roles/cis_hardening/tasks/pam.yml:2; roles/cis_hardening/tasks/main.yml:89; roles/cis_hardening/defaults/main.yml:15; roles/cis_hardening/templates/sshd_01_cis.conf.j2:8
accounts_password_pam_enforce_root,pass,yes,roles/cis_hardening/tasks/updates_apparmor.yml:38; roles/cis_hardening/tasks/users.yml:20; roles/cis_hardening/tasks/ssh.yml:81; roles/cis_hardening/tasks/mount_options.yml:29; roles/cis_hardening/tasks/pam.yml:2; roles/cis_hardening/tasks/main.yml:89; roles/cis_hardening/defaults/main.yml:38; roles/cis_hardening/templates/sshd_01_cis.conf.j2:8
accounts_password_pam_enforcing,fail,yes,roles/cis_hardening/tasks/users.yml:20; roles/cis_hardening/tasks/ssh.yml:81; roles/cis_hardening/tasks/pam.yml:2; roles/cis_hardening/tasks/main.yml:89; roles/cis_hardening/defaults/main.yml:38; roles/cis_hardening/templates/sshd_01_cis.conf.j2:8
accounts_password_pam_lcredit,pass,yes,roles/cis_hardening/tasks/users.yml:20; roles/cis_hardening/tasks/ssh.yml:81; roles/cis_hardening/tasks/pam.yml:2; roles/cis_hardening/tasks/main.yml:89; roles/cis_hardening/defaults/main.yml:14; roles/cis_hardening/templates/sshd_01_cis.conf.j2:8
accounts_password_pam_maxrepeat,pass,yes,roles/cis_hardening/tasks/users.yml:20; roles/cis_hardening/tasks/ssh.yml:81; roles/cis_hardening/tasks/pam.yml:2; roles/cis_hardening/tasks/main.yml:89; roles/cis_hardening/defaults/main.yml:16; roles/cis_hardening/templates/sshd_01_cis.conf.j2:8
accounts_password_pam_maxsequence,pass,yes,roles/cis_hardening/tasks/users.yml:20; roles/cis_hardening/tasks/ssh.yml:81; roles/cis_hardening/tasks/pam.yml:2; roles/cis_hardening/tasks/main.yml:89; roles/cis_hardening/defaults/main.yml:18; roles/cis_hardening/templates/sshd_01_cis.conf.j2:8
accounts_password_pam_minclass,pass,yes,roles/cis_hardening/tasks/users.yml:20; roles/cis_hardening/tasks/ssh.yml:81; roles/cis_hardening/tasks/pam.yml:2; roles/cis_hardening/tasks/main.yml:89; roles/cis_hardening/defaults/main.yml:10; roles/cis_hardening/templates/sshd_01_cis.conf.j2:8
accounts_password_pam_minlen,pass,yes,roles/cis_hardening/tasks/users.yml:20; roles/cis_hardening/tasks/ssh.yml:81; roles/cis_hardening/tasks/pam.yml:2; roles/cis_hardening/tasks/main.yml:89; roles/cis_hardening/defaults/main.yml:9; roles/cis_hardening/templates/sshd_01_cis.conf.j2:8
accounts_password_pam_ocredit,pass,yes,roles/cis_hardening/tasks/users.yml:20; roles/cis_hardening/tasks/ssh.yml:81; roles/cis_hardening/tasks/pam.yml:2; roles/cis_hardening/tasks/main.yml:89; roles/cis_hardening/defaults/main.yml:13; roles/cis_hardening/templates/sshd_01_cis.conf.j2:8
accounts_password_pam_pwhistory_enabled,pass,yes,roles/cis_hardening/tasks/updates_apparmor.yml:34; roles/cis_hardening/tasks/users.yml:20; roles/cis_hardening/tasks/ssh.yml:81; roles/cis_hardening/tasks/pam.yml:2; roles/cis_hardening/tasks/firewall.yml:60; roles/cis_hardening/tasks/services.yml:17; roles/cis_hardening/tasks/logging_audit.yml:9; roles/cis_hardening/tasks/main.yml:89; roles/cis_hardening/defaults/main.yml:25; roles/cis_hardening/templates/sshd_01_cis.conf.j2:8
accounts_password_pam_pwhistory_enforce_root,pass,yes,roles/cis_hardening/tasks/updates_apparmor.yml:38; roles/cis_hardening/tasks/users.yml:20; roles/cis_hardening/tasks/ssh.yml:81; roles/cis_hardening/tasks/mount_options.yml:29; roles/cis_hardening/tasks/pam.yml:2; roles/cis_hardening/tasks/main.yml:89; roles/cis_hardening/defaults/main.yml:25; roles/cis_hardening/templates/sshd_01_cis.conf.j2:8
accounts_password_pam_pwhistory_remember,pass,yes,roles/cis_hardening/tasks/users.yml:20; roles/cis_hardening/tasks/ssh.yml:81; roles/cis_hardening/tasks/pam.yml:2; roles/cis_hardening/tasks/main.yml:89; roles/cis_hardening/defaults/main.yml:25; roles/cis_hardening/templates/sshd_01_cis.conf.j2:8
accounts_password_pam_pwhistory_use_authtok,pass,yes,roles/cis_hardening/tasks/users.yml:20; roles/cis_hardening/tasks/ssh.yml:81; roles/cis_hardening/tasks/pam.yml:2; roles/cis_hardening/tasks/main.yml:89; roles/cis_hardening/defaults/main.yml:25; roles/cis_hardening/templates/sshd_01_cis.conf.j2:8
accounts_password_pam_pwquality_enabled,pass,yes,roles/cis_hardening/tasks/updates_apparmor.yml:34; roles/cis_hardening/tasks/users.yml:20; roles/cis_hardening/tasks/ssh.yml:81; roles/cis_hardening/tasks/pam.yml:2; roles/cis_hardening/tasks/firewall.yml:60; roles/cis_hardening/tasks/services.yml:17; roles/cis_hardening/tasks/logging_audit.yml:9; roles/cis_hardening/tasks/main.yml:89; roles/cis_hardening/defaults/main.yml:8; roles/cis_hardening/templates/sshd_01_cis.conf.j2:8
accounts_password_pam_ucredit,pass,yes,roles/cis_hardening/tasks/users.yml:20; roles/cis_hardening/tasks/ssh.yml:81; roles/cis_hardening/tasks/pam.yml:2; roles/cis_hardening/tasks/main.yml:89; roles/cis_hardening/defaults/main.yml:12; roles/cis_hardening/templates/sshd_01_cis.conf.j2:8
accounts_password_pam_unix_authtok,pass,yes,roles/cis_hardening/tasks/users.yml:20; roles/cis_hardening/tasks/ssh.yml:81; roles/cis_hardening/tasks/pam.yml:2; roles/cis_hardening/tasks/main.yml:89; roles/cis_hardening/defaults/main.yml:38; roles/cis_hardening/templates/sshd_01_cis.conf.j2:8
accounts_password_pam_unix_enabled,pass,yes,roles/cis_hardening/tasks/updates_apparmor.yml:34; roles/cis_hardening/tasks/users.yml:20; roles/cis_hardening/tasks/ssh.yml:81; roles/cis_hardening/tasks/pam.yml:2; roles/cis_hardening/tasks/firewall.yml:60; roles/cis_hardening/tasks/services.yml:17; roles/cis_hardening/tasks/logging_audit.yml:9; roles/cis_hardening/tasks/main.yml:89; roles/cis_hardening/defaults/main.yml:38; roles/cis_hardening/templates/sshd_01_cis.conf.j2:8
accounts_password_pam_unix_no_remember,pass,yes,roles/cis_hardening/tasks/users.yml:20; roles/cis_hardening/tasks/ssh.yml:81; roles/cis_hardening/tasks/pam.yml:2; roles/cis_hardening/tasks/main.yml:89; roles/cis_hardening/defaults/main.yml:25; roles/cis_hardening/templates/sshd_01_cis.conf.j2:8
accounts_password_set_max_life_existing,fail,yes,roles/cis_hardening/tasks/users.yml:20; roles/cis_hardening/tasks/ssh.yml:16; roles/cis_hardening/tasks/mount_options.yml:8; roles/cis_hardening/tasks/pam.yml:2; roles/cis_hardening/tasks/main.yml:89; roles/cis_hardening/defaults/main.yml:38; roles/cis_hardening/templates/sshd_01_cis.conf.j2:8
accounts_password_warn_age_login_defs,pass,yes,roles/cis_hardening/tasks/users.yml:14; roles/cis_hardening/tasks/ssh.yml:81; roles/cis_hardening/tasks/pam.yml:2; roles/cis_hardening/tasks/main.yml:89; roles/cis_hardening/defaults/main.yml:7; roles/cis_hardening/templates/sshd_01_cis.conf.j2:7
accounts_passwords_pam_faillock_deny,fail,yes,roles/cis_hardening/tasks/users.yml:20; roles/cis_hardening/tasks/ssh.yml:81; roles/cis_hardening/tasks/pam.yml:29; roles/cis_hardening/tasks/main.yml:89; roles/cis_hardening/defaults/main.yml:20; roles/cis_hardening/templates/sshd_01_cis.conf.j2:8
accounts_passwords_pam_faillock_enabled,pass,yes,roles/cis_hardening/tasks/updates_apparmor.yml:34; roles/cis_hardening/tasks/users.yml:20; roles/cis_hardening/tasks/ssh.yml:81; roles/cis_hardening/tasks/pam.yml:29; roles/cis_hardening/tasks/firewall.yml:60; roles/cis_hardening/tasks/services.yml:17; roles/cis_hardening/tasks/logging_audit.yml:9; roles/cis_hardening/tasks/main.yml:89; roles/cis_hardening/defaults/main.yml:20; roles/cis_hardening/templates/sshd_01_cis.conf.j2:8
accounts_passwords_pam_faillock_unlock_time,pass,yes,roles/cis_hardening/tasks/users.yml:20; roles/cis_hardening/tasks/ssh.yml:81; roles/cis_hardening/tasks/pam.yml:29; roles/cis_hardening/tasks/main.yml:89; roles/cis_hardening/defaults/main.yml:20; roles/cis_hardening/templates/sshd_01_cis.conf.j2:8
accounts_root_gid_zero,pass,yes,roles/cis_hardening/tasks/users.yml:20; roles/cis_hardening/tasks/pam.yml:146
accounts_root_path_dirs_no_write,pass,yes,roles/cis_hardening/tasks/users.yml:20; roles/cis_hardening/tasks/pam.yml:146
accounts_set_post_pw_existing,pass,yes,roles/cis_hardening/tasks/users.yml:20; roles/cis_hardening/tasks/ssh.yml:16; roles/cis_hardening/tasks/mount_options.yml:8; roles/cis_hardening/tasks/pam.yml:146
accounts_tmout,pass,yes,roles/cis_hardening/tasks/users.yml:2; roles/cis_hardening/tasks/pam.yml:146; roles/cis_hardening/defaults/main.yml:29
accounts_umask_etc_bashrc,fail,yes,roles/cis_hardening/tasks/users.yml:2; roles/cis_hardening/tasks/pam.yml:146; roles/cis_hardening/defaults/main.yml:30
accounts_umask_etc_login_defs,pass,yes,roles/cis_hardening/tasks/users.yml:2; roles/cis_hardening/tasks/ssh.yml:81; roles/cis_hardening/tasks/pam.yml:91; roles/cis_hardening/defaults/main.yml:30; roles/cis_hardening/templates/sshd_01_cis.conf.j2:7
accounts_umask_etc_profile,pass,yes,roles/cis_hardening/tasks/updates_apparmor.yml:38; roles/cis_hardening/tasks/users.yml:2; roles/cis_hardening/tasks/pam.yml:117; roles/cis_hardening/defaults/main.yml:30
accounts_umask_root,pass,yes,roles/cis_hardening/tasks/users.yml:2; roles/cis_hardening/tasks/pam.yml:146; roles/cis_hardening/defaults/main.yml:30
accounts_user_dot_group_ownership,pass,yes,roles/cis_hardening/tasks/sudo.yml:11; roles/cis_hardening/tasks/users.yml:6; roles/cis_hardening/tasks/ssh.yml:7; roles/cis_hardening/tasks/pam.yml:13; roles/cis_hardening/tasks/banners.yml:6; roles/cis_hardening/tasks/services.yml:25; roles/cis_hardening/tasks/logging_audit.yml:27; roles/cis_hardening/tasks/kernel_modules.yml:6; roles/cis_hardening/tasks/process_hardening.yml:6; roles/cis_hardening/tasks/file_perms.yml:6; roles/cis_hardening/defaults/main.yml:32; roles/cis_hardening/templates/sshd_01_cis.conf.j2:14
accounts_user_dot_user_ownership,pass,yes,roles/cis_hardening/tasks/users.yml:20; roles/cis_hardening/tasks/ssh.yml:43; roles/cis_hardening/tasks/pam.yml:146
accounts_user_interactive_home_directory_exists,pass,yes,roles/cis_hardening/tasks/users.yml:20; roles/cis_hardening/tasks/ssh.yml:2; roles/cis_hardening/tasks/pam.yml:53; roles/cis_hardening/tasks/logging_audit.yml:22; roles/cis_hardening/tasks/process_hardening.yml:35; roles/cis_hardening/tasks/main.yml:17; roles/cis_hardening/tasks/file_perms.yml:36; roles/cis_hardening/templates/sshd_01_cis.conf.j2:11
aide_build_database,fail,yes,roles/cis_hardening/tasks/mount_options.yml:8; roles/cis_hardening/tasks/logging_audit.yml:99
aide_periodic_checking_systemd_timer,pass,yes,roles/cis_hardening/tasks/updates_apparmor.yml:32; roles/cis_hardening/tasks/mount_options.yml:44; roles/cis_hardening/tasks/services.yml:14; roles/cis_hardening/tasks/logging_audit.yml:2; roles/cis_hardening/tasks/process_hardening.yml:35; roles/cis_hardening/handlers/main.yml:27
all_apparmor_profiles_in_enforce_complain_mode,pass,yes,roles/cis_hardening/tasks/updates_apparmor.yml:16; roles/cis_hardening/tasks/users.yml:45; roles/cis_hardening/tasks/mount_options.yml:29; roles/cis_hardening/tasks/pam.yml:27; roles/cis_hardening/tasks/main.yml:35; roles/cis_hardening/handlers/main.yml:35
banner_etc_issue_cis,pass,yes,roles/cis_hardening/tasks/ssh.yml:81; roles/cis_hardening/tasks/banners.yml:2; roles/cis_hardening/tasks/main.yml:47; roles/cis_hardening/templates/sshd_01_cis.conf.j2:18
banner_etc_issue_net_cis,pass,yes,roles/cis_hardening/tasks/ssh.yml:81; roles/cis_hardening/tasks/banners.yml:2; roles/cis_hardening/tasks/main.yml:47; roles/cis_hardening/templates/sshd_01_cis.conf.j2:18
banner_etc_motd_cis,pass,yes,roles/cis_hardening/tasks/ssh.yml:81; roles/cis_hardening/tasks/banners.yml:2; roles/cis_hardening/tasks/main.yml:47; roles/cis_hardening/templates/sshd_01_cis.conf.j2:18
check_ufw_active,fail,yes,roles/cis_hardening/tasks/updates_apparmor.yml:36; roles/cis_hardening/tasks/users.yml:27; roles/cis_hardening/tasks/pam.yml:26; roles/cis_hardening/tasks/services.yml:37; roles/cis_hardening/tasks/logging_audit.yml:20; roles/cis_hardening/tasks/main.yml:15; roles/cis_hardening/defaults/main.yml:27; roles/cis_hardening/templates/sshd_01_cis.conf.j2:11
chronyd_configure_pool_and_server,fail,yes,roles/cis_hardening/tasks/users.yml:34; roles/cis_hardening/tasks/pam.yml:9; roles/cis_hardening/tasks/services.yml:2; roles/cis_hardening/tasks/logging_audit.yml:12; roles/cis_hardening/defaults/main.yml:44; roles/cis_hardening/templates/sshd_01_cis.conf.j2:23
chronyd_run_as_chrony_user,pass,yes,roles/cis_hardening/tasks/services.yml:9
dconf_gnome_banner_enabled,notapplicable,yes,roles/cis_hardening/tasks/updates_apparmor.yml:34; roles/cis_hardening/tasks/ssh.yml:81; roles/cis_hardening/tasks/firewall.yml:60; roles/cis_hardening/tasks/banners.yml:2; roles/cis_hardening/tasks/services.yml:17; roles/cis_hardening/tasks/logging_audit.yml:9; roles/cis_hardening/tasks/main.yml:47; roles/cis_hardening/defaults/main.yml:127; roles/cis_hardening/templates/sshd_01_cis.conf.j2:18
dconf_gnome_disable_automount,notapplicable,yes,roles/cis_hardening/tasks/users.yml:20; roles/cis_hardening/tasks/services.yml:14; roles/cis_hardening/tasks/kernel_modules.yml:2; roles/cis_hardening/tasks/process_hardening.yml:26; roles/cis_hardening/defaults/main.yml:80
dconf_gnome_disable_automount_open,notapplicable,yes,roles/cis_hardening/tasks/users.yml:20; roles/cis_hardening/tasks/services.yml:14; roles/cis_hardening/tasks/kernel_modules.yml:2; roles/cis_hardening/tasks/process_hardening.yml:26; roles/cis_hardening/defaults/main.yml:80
dconf_gnome_disable_autorun,notapplicable,yes,roles/cis_hardening/tasks/users.yml:20; roles/cis_hardening/tasks/services.yml:14; roles/cis_hardening/tasks/kernel_modules.yml:2; roles/cis_hardening/tasks/process_hardening.yml:26; roles/cis_hardening/defaults/main.yml:80
dconf_gnome_disable_user_list,notapplicable,yes,roles/cis_hardening/tasks/users.yml:20; roles/cis_hardening/tasks/services.yml:14; roles/cis_hardening/tasks/kernel_modules.yml:2; roles/cis_hardening/tasks/process_hardening.yml:26; roles/cis_hardening/defaults/main.yml:80
dconf_gnome_login_banner_text,notapplicable,yes,roles/cis_hardening/tasks/users.yml:14; roles/cis_hardening/tasks/ssh.yml:81; roles/cis_hardening/tasks/pam.yml:91; roles/cis_hardening/tasks/banners.yml:2; roles/cis_hardening/tasks/main.yml:47; roles/cis_hardening/defaults/main.yml:37; roles/cis_hardening/templates/sshd_01_cis.conf.j2:7
dconf_gnome_screensaver_idle_delay,notapplicable,yes,roles/cis_hardening/tasks/updates_apparmor.yml:13; roles/cis_hardening/tasks/logging_audit.yml:122
dconf_gnome_screensaver_lock_delay,notapplicable,yes,roles/cis_hardening/tasks/updates_apparmor.yml:13; roles/cis_hardening/tasks/logging_audit.yml:122
dconf_gnome_screensaver_lock_enabled,notapplicable,yes,roles/cis_hardening/tasks/updates_apparmor.yml:34; roles/cis_hardening/tasks/firewall.yml:60; roles/cis_hardening/tasks/services.yml:17; roles/cis_hardening/tasks/logging_audit.yml:9; roles/cis_hardening/defaults/main.yml:127
disable_host_auth,pass,yes,roles/cis_hardening/tasks/users.yml:20; roles/cis_hardening/tasks/services.yml:14; roles/cis_hardening/tasks/kernel_modules.yml:2; roles/cis_hardening/tasks/process_hardening.yml:26; roles/cis_hardening/defaults/main.yml:80
disable_users_coredumps,pass,yes,roles/cis_hardening/tasks/users.yml:14; roles/cis_hardening/tasks/ssh.yml:81; roles/cis_hardening/tasks/banners.yml:9; roles/cis_hardening/tasks/services.yml:14; roles/cis_hardening/tasks/kernel_modules.yml:2; roles/cis_hardening/tasks/process_hardening.yml:26; roles/cis_hardening/tasks/main.yml:98; roles/cis_hardening/defaults/main.yml:33; roles/cis_hardening/templates/sshd_01_cis.conf.j2:23
ensure_pam_wheel_group_empty,pass,yes,roles/cis_hardening/tasks/sudo.yml:11; roles/cis_hardening/tasks/users.yml:6; roles/cis_hardening/tasks/ssh.yml:2; roles/cis_hardening/tasks/mount_options.yml:12; roles/cis_hardening/tasks/pam.yml:13; roles/cis_hardening/tasks/banners.yml:6; roles/cis_hardening/tasks/services.yml:25; roles/cis_hardening/tasks/logging_audit.yml:10; roles/cis_hardening/tasks/kernel_modules.yml:6; roles/cis_hardening/tasks/process_hardening.yml:6; roles/cis_hardening/tasks/file_perms.yml:6; roles/cis_hardening/defaults/main.yml:32; roles/cis_hardening/templates/sshd_01_cis.conf.j2:8
ensure_root_access_controlled,pass,yes,roles/cis_hardening/tasks/users.yml:29; roles/cis_hardening/tasks/ssh.yml:2; roles/cis_hardening/tasks/mount_options.yml:12; roles/cis_hardening/tasks/pam.yml:53; roles/cis_hardening/tasks/logging_audit.yml:10; roles/cis_hardening/tasks/process_hardening.yml:35; roles/cis_hardening/tasks/main.yml:33; roles/cis_hardening/templates/sshd_01_cis.conf.j2:23
ensure_shadow_group_empty,pass,yes,roles/cis_hardening/tasks/sudo.yml:11; roles/cis_hardening/tasks/users.yml:6; roles/cis_hardening/tasks/ssh.yml:2; roles/cis_hardening/tasks/mount_options.yml:12; roles/cis_hardening/tasks/pam.yml:13; roles/cis_hardening/tasks/banners.yml:6; roles/cis_hardening/tasks/services.yml:25; roles/cis_hardening/tasks/logging_audit.yml:10; roles/cis_hardening/tasks/kernel_modules.yml:6; roles/cis_hardening/tasks/process_hardening.yml:6; roles/cis_hardening/tasks/file_perms.yml:6; roles/cis_hardening/defaults/main.yml:32; roles/cis_hardening/templates/sshd_01_cis.conf.j2:8
file_at_allow_exists,pass,yes,roles/cis_hardening/tasks/ssh.yml:2; roles/cis_hardening/tasks/pam.yml:53; roles/cis_hardening/tasks/firewall.yml:8; roles/cis_hardening/tasks/services.yml:59; roles/cis_hardening/tasks/logging_audit.yml:22; roles/cis_hardening/tasks/process_hardening.yml:35; roles/cis_hardening/tasks/main.yml:17; roles/cis_hardening/defaults/main.yml:32; roles/cis_hardening/templates/sshd_01_cis.conf.j2:20
file_cron_allow_exists,pass,yes,roles/cis_hardening/tasks/ssh.yml:2; roles/cis_hardening/tasks/pam.yml:53; roles/cis_hardening/tasks/firewall.yml:8; roles/cis_hardening/tasks/services.yml:59; roles/cis_hardening/tasks/logging_audit.yml:22; roles/cis_hardening/tasks/process_hardening.yml:35; roles/cis_hardening/tasks/main.yml:17; roles/cis_hardening/defaults/main.yml:32; roles/cis_hardening/templates/sshd_01_cis.conf.j2:20
file_cron_deny_not_exist,pass,yes,roles/cis_hardening/tasks/users.yml:39; roles/cis_hardening/tasks/ssh.yml:2; roles/cis_hardening/tasks/mount_options.yml:8; roles/cis_hardening/tasks/pam.yml:53; roles/cis_hardening/tasks/logging_audit.yml:22; roles/cis_hardening/tasks/process_hardening.yml:35; roles/cis_hardening/tasks/main.yml:17
file_groupowner_at_allow,pass,yes,roles/cis_hardening/tasks/ssh.yml:81; roles/cis_hardening/tasks/firewall.yml:8; roles/cis_hardening/tasks/services.yml:59; roles/cis_hardening/defaults/main.yml:32; roles/cis_hardening/templates/sshd_01_cis.conf.j2:20
file_groupowner_at_deny,pass,no,
file_groupowner_backup_etc_group,pass,yes,roles/cis_hardening/tasks/sudo.yml:11; roles/cis_hardening/tasks/users.yml:6; roles/cis_hardening/tasks/ssh.yml:7; roles/cis_hardening/tasks/pam.yml:13; roles/cis_hardening/tasks/banners.yml:6; roles/cis_hardening/tasks/services.yml:25; roles/cis_hardening/tasks/logging_audit.yml:27; roles/cis_hardening/tasks/kernel_modules.yml:6; roles/cis_hardening/tasks/process_hardening.yml:6; roles/cis_hardening/tasks/file_perms.yml:2; roles/cis_hardening/defaults/main.yml:32; roles/cis_hardening/templates/sshd_01_cis.conf.j2:14
file_groupowner_backup_etc_gshadow,pass,yes,roles/cis_hardening/tasks/file_perms.yml:2
file_groupowner_backup_etc_passwd,pass,yes,roles/cis_hardening/tasks/users.yml:16; roles/cis_hardening/tasks/file_perms.yml:2
file_groupowner_backup_etc_shadow,pass,yes,roles/cis_hardening/tasks/file_perms.yml:2
file_groupowner_cron_allow,fail,yes,roles/cis_hardening/tasks/ssh.yml:81; roles/cis_hardening/tasks/firewall.yml:8; roles/cis_hardening/tasks/services.yml:59; roles/cis_hardening/defaults/main.yml:32; roles/cis_hardening/templates/sshd_01_cis.conf.j2:20
file_groupowner_cron_d,pass,no,
file_groupowner_cron_daily,pass,yes,roles/cis_hardening/tasks/services.yml:47; roles/cis_hardening/tasks/logging_audit.yml:128
file_groupowner_cron_hourly,pass,yes,roles/cis_hardening/tasks/services.yml:46
file_groupowner_cron_monthly,pass,yes,roles/cis_hardening/tasks/services.yml:49
file_groupowner_cron_weekly,pass,yes,roles/cis_hardening/tasks/services.yml:48
file_groupowner_crontab,pass,yes,roles/cis_hardening/tasks/services.yml:52
file_groupowner_etc_group,pass,yes,roles/cis_hardening/tasks/sudo.yml:11; roles/cis_hardening/tasks/users.yml:6; roles/cis_hardening/tasks/ssh.yml:7; roles/cis_hardening/tasks/pam.yml:13; roles/cis_hardening/tasks/banners.yml:6; roles/cis_hardening/tasks/services.yml:25; roles/cis_hardening/tasks/logging_audit.yml:27; roles/cis_hardening/tasks/kernel_modules.yml:6; roles/cis_hardening/tasks/process_hardening.yml:6; roles/cis_hardening/tasks/file_perms.yml:6; roles/cis_hardening/defaults/main.yml:32; roles/cis_hardening/templates/sshd_01_cis.conf.j2:14
file_groupowner_etc_gshadow,pass,yes,roles/cis_hardening/tasks/file_perms.yml:15
file_groupowner_etc_issue,pass,yes,roles/cis_hardening/tasks/banners.yml:11; roles/cis_hardening/templates/sshd_01_cis.conf.j2:18
file_groupowner_etc_issue_net,pass,yes,roles/cis_hardening/tasks/banners.yml:11; roles/cis_hardening/templates/sshd_01_cis.conf.j2:18
file_groupowner_etc_motd,pass,no,
file_groupowner_etc_passwd,pass,yes,roles/cis_hardening/tasks/users.yml:16; roles/cis_hardening/tasks/file_perms.yml:2
file_groupowner_etc_security_opasswd,pass,yes,roles/cis_hardening/tasks/updates_apparmor.yml:7; roles/cis_hardening/tasks/pam.yml:11; roles/cis_hardening/tasks/process_hardening.yml:28; roles/cis_hardening/tasks/file_perms.yml:28
file_groupowner_etc_security_opasswd_old,pass,yes,roles/cis_hardening/tasks/updates_apparmor.yml:7; roles/cis_hardening/tasks/pam.yml:11; roles/cis_hardening/tasks/process_hardening.yml:28; roles/cis_hardening/tasks/file_perms.yml:28
file_groupowner_etc_shadow,pass,yes,roles/cis_hardening/tasks/file_perms.yml:15
file_groupowner_etc_shells,pass,no,
file_groupowner_sshd_config,pass,yes,roles/cis_hardening/tasks/users.yml:36; roles/cis_hardening/tasks/ssh.yml:4; roles/cis_hardening/tasks/pam.yml:9; roles/cis_hardening/tasks/services.yml:21; roles/cis_hardening/tasks/logging_audit.yml:12; roles/cis_hardening/tasks/process_hardening.yml:2; roles/cis_hardening/templates/sshd_01_cis.conf.j2:23
file_groupowner_sshd_drop_in_config,pass,yes,roles/cis_hardening/tasks/users.yml:36; roles/cis_hardening/tasks/ssh.yml:4; roles/cis_hardening/tasks/pam.yml:9; roles/cis_hardening/tasks/services.yml:21; roles/cis_hardening/tasks/logging_audit.yml:12; roles/cis_hardening/tasks/process_hardening.yml:2; roles/cis_hardening/templates/sshd_01_cis.conf.j2:23
file_groupowner_var_log_auth,pass,no,
file_groupowner_var_log_cloud_init,pass,yes,roles/cis_hardening/tasks/users.yml:27; roles/cis_hardening/tasks/main.yml:10; roles/cis_hardening/defaults/main.yml:3
file_groupowner_var_log_journal,pass,yes,roles/cis_hardening/tasks/logging_audit.yml:2; roles/cis_hardening/handlers/main.yml:25
file_groupowner_var_log_lastlog,pass,no,
file_groupowner_var_log_localmessages,pass,no,
file_groupowner_var_log_messages,pass,no,
file_groupowner_var_log_secure,pass,yes,roles/cis_hardening/tasks/ssh.yml:62; roles/cis_hardening/tasks/services.yml:39; roles/cis_hardening/tasks/process_hardening.yml:2; roles/cis_hardening/defaults/main.yml:113
file_groupowner_var_log_syslog,pass,yes,roles/cis_hardening/tasks/logging_audit.yml:2; roles/cis_hardening/defaults/main.yml:131; roles/cis_hardening/handlers/main.yml:30
file_groupowner_var_log_waagent,pass,no,
file_groupowner_var_log_wbtmp,pass,no,
file_groupownership_home_directories,pass,yes,roles/cis_hardening/tasks/users.yml:44; roles/cis_hardening/tasks/services.yml:39
file_groupownerships_var_log,pass,no,
file_groupownerships_var_log_apt,pass,no,
file_groupownerships_var_log_gdm,pass,no,
file_groupownerships_var_log_gdm3,pass,no,
file_groupownerships_var_log_landscape,pass,no,
file_groupownerships_var_log_sssd,pass,no,
file_owner_at_allow,pass,yes,roles/cis_hardening/tasks/sudo.yml:10; roles/cis_hardening/tasks/users.yml:5; roles/cis_hardening/tasks/ssh.yml:6; roles/cis_hardening/tasks/pam.yml:12; roles/cis_hardening/tasks/firewall.yml:8; roles/cis_hardening/tasks/banners.yml:5; roles/cis_hardening/tasks/services.yml:24; roles/cis_hardening/tasks/logging_audit.yml:26; roles/cis_hardening/tasks/kernel_modules.yml:5; roles/cis_hardening/tasks/process_hardening.yml:5; roles/cis_hardening/tasks/file_perms.yml:5; roles/cis_hardening/defaults/main.yml:32; roles/cis_hardening/templates/sshd_01_cis.conf.j2:20
file_owner_at_deny,pass,yes,roles/cis_hardening/tasks/sudo.yml:10; roles/cis_hardening/tasks/users.yml:5; roles/cis_hardening/tasks/ssh.yml:6; roles/cis_hardening/tasks/pam.yml:12; roles/cis_hardening/tasks/banners.yml:5; roles/cis_hardening/tasks/services.yml:24; roles/cis_hardening/tasks/logging_audit.yml:26; roles/cis_hardening/tasks/kernel_modules.yml:5; roles/cis_hardening/tasks/process_hardening.yml:5; roles/cis_hardening/tasks/file_perms.yml:5
file_owner_backup_etc_group,pass,yes,roles/cis_hardening/tasks/sudo.yml:10; roles/cis_hardening/tasks/users.yml:5; roles/cis_hardening/tasks/ssh.yml:6; roles/cis_hardening/tasks/pam.yml:12; roles/cis_hardening/tasks/banners.yml:5; roles/cis_hardening/tasks/services.yml:24; roles/cis_hardening/tasks/logging_audit.yml:26; roles/cis_hardening/tasks/kernel_modules.yml:5; roles/cis_hardening/tasks/process_hardening.yml:5; roles/cis_hardening/tasks/file_perms.yml:2; roles/cis_hardening/defaults/main.yml:32; roles/cis_hardening/templates/sshd_01_cis.conf.j2:14
file_owner_backup_etc_gshadow,pass,yes,roles/cis_hardening/tasks/sudo.yml:10; roles/cis_hardening/tasks/users.yml:5; roles/cis_hardening/tasks/ssh.yml:6; roles/cis_hardening/tasks/pam.yml:12; roles/cis_hardening/tasks/banners.yml:5; roles/cis_hardening/tasks/services.yml:24; roles/cis_hardening/tasks/logging_audit.yml:26; roles/cis_hardening/tasks/kernel_modules.yml:5; roles/cis_hardening/tasks/process_hardening.yml:5; roles/cis_hardening/tasks/file_perms.yml:2
file_owner_backup_etc_passwd,pass,yes,roles/cis_hardening/tasks/sudo.yml:10; roles/cis_hardening/tasks/users.yml:5; roles/cis_hardening/tasks/ssh.yml:6; roles/cis_hardening/tasks/pam.yml:12; roles/cis_hardening/tasks/banners.yml:5; roles/cis_hardening/tasks/services.yml:24; roles/cis_hardening/tasks/logging_audit.yml:26; roles/cis_hardening/tasks/kernel_modules.yml:5; roles/cis_hardening/tasks/process_hardening.yml:5; roles/cis_hardening/tasks/file_perms.yml:2
file_owner_backup_etc_shadow,pass,yes,roles/cis_hardening/tasks/sudo.yml:10; roles/cis_hardening/tasks/users.yml:5; roles/cis_hardening/tasks/ssh.yml:6; roles/cis_hardening/tasks/pam.yml:12; roles/cis_hardening/tasks/banners.yml:5; roles/cis_hardening/tasks/services.yml:24; roles/cis_hardening/tasks/logging_audit.yml:26; roles/cis_hardening/tasks/kernel_modules.yml:5; roles/cis_hardening/tasks/process_hardening.yml:5; roles/cis_hardening/tasks/file_perms.yml:2
file_owner_cron_allow,pass,yes,roles/cis_hardening/tasks/sudo.yml:10; roles/cis_hardening/tasks/users.yml:5; roles/cis_hardening/tasks/ssh.yml:6; roles/cis_hardening/tasks/pam.yml:12; roles/cis_hardening/tasks/firewall.yml:8; roles/cis_hardening/tasks/banners.yml:5; roles/cis_hardening/tasks/services.yml:24; roles/cis_hardening/tasks/logging_audit.yml:26; roles/cis_hardening/tasks/kernel_modules.yml:5; roles/cis_hardening/tasks/process_hardening.yml:5; roles/cis_hardening/tasks/file_perms.yml:5; roles/cis_hardening/defaults/main.yml:32; roles/cis_hardening/templates/sshd_01_cis.conf.j2:20
file_owner_cron_d,pass,yes,roles/cis_hardening/tasks/sudo.yml:10; roles/cis_hardening/tasks/users.yml:5; roles/cis_hardening/tasks/ssh.yml:6; roles/cis_hardening/tasks/pam.yml:12; roles/cis_hardening/tasks/banners.yml:5; roles/cis_hardening/tasks/services.yml:24; roles/cis_hardening/tasks/logging_audit.yml:26; roles/cis_hardening/tasks/kernel_modules.yml:5; roles/cis_hardening/tasks/process_hardening.yml:5; roles/cis_hardening/tasks/file_perms.yml:5
file_owner_cron_daily,pass,yes,roles/cis_hardening/tasks/sudo.yml:10; roles/cis_hardening/tasks/users.yml:5; roles/cis_hardening/tasks/ssh.yml:6; roles/cis_hardening/tasks/pam.yml:12; roles/cis_hardening/tasks/banners.yml:5; roles/cis_hardening/tasks/services.yml:24; roles/cis_hardening/tasks/logging_audit.yml:26; roles/cis_hardening/tasks/kernel_modules.yml:5; roles/cis_hardening/tasks/process_hardening.yml:5; roles/cis_hardening/tasks/file_perms.yml:5
file_owner_cron_hourly,pass,yes,roles/cis_hardening/tasks/sudo.yml:10; roles/cis_hardening/tasks/users.yml:5; roles/cis_hardening/tasks/ssh.yml:6; roles/cis_hardening/tasks/pam.yml:12; roles/cis_hardening/tasks/banners.yml:5; roles/cis_hardening/tasks/services.yml:24; roles/cis_hardening/tasks/logging_audit.yml:26; roles/cis_hardening/tasks/kernel_modules.yml:5; roles/cis_hardening/tasks/process_hardening.yml:5; roles/cis_hardening/tasks/file_perms.yml:5
file_owner_cron_monthly,pass,yes,roles/cis_hardening/tasks/sudo.yml:10; roles/cis_hardening/tasks/users.yml:5; roles/cis_hardening/tasks/ssh.yml:6; roles/cis_hardening/tasks/pam.yml:12; roles/cis_hardening/tasks/banners.yml:5; roles/cis_hardening/tasks/services.yml:24; roles/cis_hardening/tasks/logging_audit.yml:26; roles/cis_hardening/tasks/kernel_modules.yml:5; roles/cis_hardening/tasks/process_hardening.yml:5; roles/cis_hardening/tasks/file_perms.yml:5
file_owner_cron_weekly,pass,yes,roles/cis_hardening/tasks/sudo.yml:10; roles/cis_hardening/tasks/users.yml:5; roles/cis_hardening/tasks/ssh.yml:6; roles/cis_hardening/tasks/pam.yml:12; roles/cis_hardening/tasks/banners.yml:5; roles/cis_hardening/tasks/services.yml:24; roles/cis_hardening/tasks/logging_audit.yml:26; roles/cis_hardening/tasks/kernel_modules.yml:5; roles/cis_hardening/tasks/process_hardening.yml:5; roles/cis_hardening/tasks/file_perms.yml:5
file_owner_crontab,pass,yes,roles/cis_hardening/tasks/sudo.yml:10; roles/cis_hardening/tasks/users.yml:5; roles/cis_hardening/tasks/ssh.yml:6; roles/cis_hardening/tasks/pam.yml:12; roles/cis_hardening/tasks/banners.yml:5; roles/cis_hardening/tasks/services.yml:24; roles/cis_hardening/tasks/logging_audit.yml:26; roles/cis_hardening/tasks/kernel_modules.yml:5; roles/cis_hardening/tasks/process_hardening.yml:5; roles/cis_hardening/tasks/file_perms.yml:5
file_owner_etc_group,pass,yes,roles/cis_hardening/tasks/sudo.yml:10; roles/cis_hardening/tasks/users.yml:5; roles/cis_hardening/tasks/ssh.yml:6; roles/cis_hardening/tasks/pam.yml:12; roles/cis_hardening/tasks/banners.yml:5; roles/cis_hardening/tasks/services.yml:24; roles/cis_hardening/tasks/logging_audit.yml:26; roles/cis_hardening/tasks/kernel_modules.yml:5; roles/cis_hardening/tasks/process_hardening.yml:5; roles/cis_hardening/tasks/file_perms.yml:5; roles/cis_hardening/defaults/main.yml:32; roles/cis_hardening/templates/sshd_01_cis.conf.j2:14
file_owner_etc_gshadow,pass,yes,roles/cis_hardening/tasks/sudo.yml:10; roles/cis_hardening/tasks/users.yml:5; roles/cis_hardening/tasks/ssh.yml:6; roles/cis_hardening/tasks/pam.yml:12; roles/cis_hardening/tasks/banners.yml:5; roles/cis_hardening/tasks/services.yml:24; roles/cis_hardening/tasks/logging_audit.yml:26; roles/cis_hardening/tasks/kernel_modules.yml:5; roles/cis_hardening/tasks/process_hardening.yml:5; roles/cis_hardening/tasks/file_perms.yml:5
file_owner_etc_issue,pass,yes,roles/cis_hardening/tasks/sudo.yml:10; roles/cis_hardening/tasks/users.yml:5; roles/cis_hardening/tasks/ssh.yml:6; roles/cis_hardening/tasks/pam.yml:12; roles/cis_hardening/tasks/banners.yml:5; roles/cis_hardening/tasks/services.yml:24; roles/cis_hardening/tasks/logging_audit.yml:26; roles/cis_hardening/tasks/kernel_modules.yml:5; roles/cis_hardening/tasks/process_hardening.yml:5; roles/cis_hardening/tasks/file_perms.yml:5; roles/cis_hardening/templates/sshd_01_cis.conf.j2:18
file_owner_etc_issue_net,pass,yes,roles/cis_hardening/tasks/sudo.yml:10; roles/cis_hardening/tasks/users.yml:5; roles/cis_hardening/tasks/ssh.yml:6; roles/cis_hardening/tasks/pam.yml:12; roles/cis_hardening/tasks/banners.yml:5; roles/cis_hardening/tasks/services.yml:24; roles/cis_hardening/tasks/logging_audit.yml:26; roles/cis_hardening/tasks/kernel_modules.yml:5; roles/cis_hardening/tasks/process_hardening.yml:5; roles/cis_hardening/tasks/file_perms.yml:5; roles/cis_hardening/templates/sshd_01_cis.conf.j2:18
file_owner_etc_motd,pass,yes,roles/cis_hardening/tasks/sudo.yml:10; roles/cis_hardening/tasks/users.yml:5; roles/cis_hardening/tasks/ssh.yml:6; roles/cis_hardening/tasks/pam.yml:12; roles/cis_hardening/tasks/banners.yml:5; roles/cis_hardening/tasks/services.yml:24; roles/cis_hardening/tasks/logging_audit.yml:26; roles/cis_hardening/tasks/kernel_modules.yml:5; roles/cis_hardening/tasks/process_hardening.yml:5; roles/cis_hardening/tasks/file_perms.yml:5
file_owner_etc_passwd,pass,yes,roles/cis_hardening/tasks/sudo.yml:10; roles/cis_hardening/tasks/users.yml:5; roles/cis_hardening/tasks/ssh.yml:6; roles/cis_hardening/tasks/pam.yml:12; roles/cis_hardening/tasks/banners.yml:5; roles/cis_hardening/tasks/services.yml:24; roles/cis_hardening/tasks/logging_audit.yml:26; roles/cis_hardening/tasks/kernel_modules.yml:5; roles/cis_hardening/tasks/process_hardening.yml:5; roles/cis_hardening/tasks/file_perms.yml:2
file_owner_etc_security_opasswd,pass,yes,roles/cis_hardening/tasks/updates_apparmor.yml:7; roles/cis_hardening/tasks/sudo.yml:10; roles/cis_hardening/tasks/users.yml:5; roles/cis_hardening/tasks/ssh.yml:6; roles/cis_hardening/tasks/pam.yml:11; roles/cis_hardening/tasks/banners.yml:5; roles/cis_hardening/tasks/services.yml:24; roles/cis_hardening/tasks/logging_audit.yml:26; roles/cis_hardening/tasks/kernel_modules.yml:5; roles/cis_hardening/tasks/process_hardening.yml:5; roles/cis_hardening/tasks/file_perms.yml:5
file_owner_etc_security_opasswd_old,pass,yes,roles/cis_hardening/tasks/updates_apparmor.yml:7; roles/cis_hardening/tasks/sudo.yml:10; roles/cis_hardening/tasks/users.yml:5; roles/cis_hardening/tasks/ssh.yml:6; roles/cis_hardening/tasks/pam.yml:11; roles/cis_hardening/tasks/banners.yml:5; roles/cis_hardening/tasks/services.yml:24; roles/cis_hardening/tasks/logging_audit.yml:26; roles/cis_hardening/tasks/kernel_modules.yml:5; roles/cis_hardening/tasks/process_hardening.yml:5; roles/cis_hardening/tasks/file_perms.yml:5
file_owner_etc_shadow,pass,yes,roles/cis_hardening/tasks/sudo.yml:10; roles/cis_hardening/tasks/users.yml:5; roles/cis_hardening/tasks/ssh.yml:6; roles/cis_hardening/tasks/pam.yml:12; roles/cis_hardening/tasks/banners.yml:5; roles/cis_hardening/tasks/services.yml:24; roles/cis_hardening/tasks/logging_audit.yml:26; roles/cis_hardening/tasks/kernel_modules.yml:5; roles/cis_hardening/tasks/process_hardening.yml:5; roles/cis_hardening/tasks/file_perms.yml:5
file_owner_etc_shells,pass,yes,roles/cis_hardening/tasks/sudo.yml:10; roles/cis_hardening/tasks/users.yml:5; roles/cis_hardening/tasks/ssh.yml:6; roles/cis_hardening/tasks/pam.yml:12; roles/cis_hardening/tasks/banners.yml:5; roles/cis_hardening/tasks/services.yml:24; roles/cis_hardening/tasks/logging_audit.yml:26; roles/cis_hardening/tasks/kernel_modules.yml:5; roles/cis_hardening/tasks/process_hardening.yml:5; roles/cis_hardening/tasks/file_perms.yml:5
file_owner_grub2_cfg,pass,yes,roles/cis_hardening/tasks/sudo.yml:10; roles/cis_hardening/tasks/users.yml:5; roles/cis_hardening/tasks/ssh.yml:6; roles/cis_hardening/tasks/pam.yml:12; roles/cis_hardening/tasks/banners.yml:5; roles/cis_hardening/tasks/services.yml:24; roles/cis_hardening/tasks/logging_audit.yml:26; roles/cis_hardening/tasks/kernel_modules.yml:5; roles/cis_hardening/tasks/process_hardening.yml:5; roles/cis_hardening/tasks/file_perms.yml:5
file_owner_sshd_config,pass,yes,roles/cis_hardening/tasks/sudo.yml:10; roles/cis_hardening/tasks/users.yml:5; roles/cis_hardening/tasks/ssh.yml:4; roles/cis_hardening/tasks/pam.yml:9; roles/cis_hardening/tasks/banners.yml:5; roles/cis_hardening/tasks/services.yml:21; roles/cis_hardening/tasks/logging_audit.yml:12; roles/cis_hardening/tasks/kernel_modules.yml:5; roles/cis_hardening/tasks/process_hardening.yml:2; roles/cis_hardening/tasks/file_perms.yml:5; roles/cis_hardening/templates/sshd_01_cis.conf.j2:23
file_owner_sshd_drop_in_config,pass,yes,roles/cis_hardening/tasks/sudo.yml:10; roles/cis_hardening/tasks/users.yml:5; roles/cis_hardening/tasks/ssh.yml:4; roles/cis_hardening/tasks/pam.yml:9; roles/cis_hardening/tasks/banners.yml:5; roles/cis_hardening/tasks/services.yml:21; roles/cis_hardening/tasks/logging_audit.yml:12; roles/cis_hardening/tasks/kernel_modules.yml:5; roles/cis_hardening/tasks/process_hardening.yml:2; roles/cis_hardening/tasks/file_perms.yml:5; roles/cis_hardening/templates/sshd_01_cis.conf.j2:23
file_owner_var_log_auth,pass,yes,roles/cis_hardening/tasks/sudo.yml:10; roles/cis_hardening/tasks/users.yml:5; roles/cis_hardening/tasks/ssh.yml:6; roles/cis_hardening/tasks/pam.yml:12; roles/cis_hardening/tasks/banners.yml:5; roles/cis_hardening/tasks/services.yml:24; roles/cis_hardening/tasks/logging_audit.yml:26; roles/cis_hardening/tasks/kernel_modules.yml:5; roles/cis_hardening/tasks/process_hardening.yml:5; roles/cis_hardening/tasks/file_perms.yml:5
file_owner_var_log_cloud_init,pass,yes,roles/cis_hardening/tasks/sudo.yml:10; roles/cis_hardening/tasks/users.yml:5; roles/cis_hardening/tasks/ssh.yml:6; roles/cis_hardening/tasks/pam.yml:12; roles/cis_hardening/tasks/banners.yml:5; roles/cis_hardening/tasks/services.yml:24; roles/cis_hardening/tasks/logging_audit.yml:26; roles/cis_hardening/tasks/kernel_modules.yml:5; roles/cis_hardening/tasks/process_hardening.yml:5; roles/cis_hardening/tasks/main.yml:10; roles/cis_hardening/tasks/file_perms.yml:5; roles/cis_hardening/defaults/main.yml:3
file_owner_var_log_journal,pass,yes,roles/cis_hardening/tasks/sudo.yml:10; roles/cis_hardening/tasks/users.yml:5; roles/cis_hardening/tasks/ssh.yml:6; roles/cis_hardening/tasks/pam.yml:12; roles/cis_hardening/tasks/banners.yml:5; roles/cis_hardening/tasks/services.yml:24; roles/cis_hardening/tasks/logging_audit.yml:2; roles/cis_hardening/tasks/kernel_modules.yml:5; roles/cis_hardening/tasks/process_hardening.yml:5; roles/cis_hardening/tasks/file_perms.yml:5; roles/cis_hardening/handlers/main.yml:25
file_owner_var_log_lastlog,pass,yes,roles/cis_hardening/tasks/sudo.yml:10; roles/cis_hardening/tasks/users.yml:5; roles/cis_hardening/tasks/ssh.yml:6; roles/cis_hardening/tasks/pam.yml:12; roles/cis_hardening/tasks/banners.yml:5; roles/cis_hardening/tasks/services.yml:24; roles/cis_hardening/tasks/logging_audit.yml:26; roles/cis_hardening/tasks/kernel_modules.yml:5; roles/cis_hardening/tasks/process_hardening.yml:5; roles/cis_hardening/tasks/file_perms.yml:5
file_owner_var_log_localmessages,pass,yes,roles/cis_hardening/tasks/sudo.yml:10; roles/cis_hardening/tasks/users.yml:5; roles/cis_hardening/tasks/ssh.yml:6; roles/cis_hardening/tasks/pam.yml:12; roles/cis_hardening/tasks/banners.yml:5; roles/cis_hardening/tasks/services.yml:24; roles/cis_hardening/tasks/logging_audit.yml:26; roles/cis_hardening/tasks/kernel_modules.yml:5; roles/cis_hardening/tasks/process_hardening.yml:5; roles/cis_hardening/tasks/file_perms.yml:5
file_owner_var_log_messages,pass,yes,roles/cis_hardening/tasks/sudo.yml:10; roles/cis_hardening/tasks/users.yml:5; roles/cis_hardening/tasks/ssh.yml:6; roles/cis_hardening/tasks/pam.yml:12; roles/cis_hardening/tasks/banners.yml:5; roles/cis_hardening/tasks/services.yml:24; roles/cis_hardening/tasks/logging_audit.yml:26; roles/cis_hardening/tasks/kernel_modules.yml:5; roles/cis_hardening/tasks/process_hardening.yml:5; roles/cis_hardening/tasks/file_perms.yml:5
file_owner_var_log_secure,pass,yes,roles/cis_hardening/tasks/sudo.yml:10; roles/cis_hardening/tasks/users.yml:5; roles/cis_hardening/tasks/ssh.yml:6; roles/cis_hardening/tasks/pam.yml:12; roles/cis_hardening/tasks/banners.yml:5; roles/cis_hardening/tasks/services.yml:24; roles/cis_hardening/tasks/logging_audit.yml:26; roles/cis_hardening/tasks/kernel_modules.yml:5; roles/cis_hardening/tasks/process_hardening.yml:2; roles/cis_hardening/tasks/file_perms.yml:5; roles/cis_hardening/defaults/main.yml:113
file_owner_var_log_syslog,pass,yes,roles/cis_hardening/tasks/sudo.yml:10; roles/cis_hardening/tasks/users.yml:5; roles/cis_hardening/tasks/ssh.yml:6; roles/cis_hardening/tasks/pam.yml:12; roles/cis_hardening/tasks/banners.yml:5; roles/cis_hardening/tasks/services.yml:24; roles/cis_hardening/tasks/logging_audit.yml:2; roles/cis_hardening/tasks/kernel_modules.yml:5; roles/cis_hardening/tasks/process_hardening.yml:5; roles/cis_hardening/tasks/file_perms.yml:5; roles/cis_hardening/defaults/main.yml:131; roles/cis_hardening/handlers/main.yml:30
file_owner_var_log_waagent,pass,yes,roles/cis_hardening/tasks/sudo.yml:10; roles/cis_hardening/tasks/users.yml:5; roles/cis_hardening/tasks/ssh.yml:6; roles/cis_hardening/tasks/pam.yml:12; roles/cis_hardening/tasks/banners.yml:5; roles/cis_hardening/tasks/services.yml:24; roles/cis_hardening/tasks/logging_audit.yml:26; roles/cis_hardening/tasks/kernel_modules.yml:5; roles/cis_hardening/tasks/process_hardening.yml:5; roles/cis_hardening/tasks/file_perms.yml:5
file_owner_var_log_wbtmp,pass,yes,roles/cis_hardening/tasks/sudo.yml:10; roles/cis_hardening/tasks/users.yml:5; roles/cis_hardening/tasks/ssh.yml:6; roles/cis_hardening/tasks/pam.yml:12; roles/cis_hardening/tasks/banners.yml:5; roles/cis_hardening/tasks/services.yml:24; roles/cis_hardening/tasks/logging_audit.yml:26; roles/cis_hardening/tasks/kernel_modules.yml:5; roles/cis_hardening/tasks/process_hardening.yml:5; roles/cis_hardening/tasks/file_perms.yml:5
file_ownership_home_directories,pass,yes,roles/cis_hardening/tasks/users.yml:44; roles/cis_hardening/tasks/ssh.yml:43; roles/cis_hardening/tasks/services.yml:39
file_ownerships_var_log,fail,no,
file_ownerships_var_log_apt,pass,no,
file_ownerships_var_log_gdm,pass,no,
file_ownerships_var_log_gdm3,pass,no,
file_ownerships_var_log_landscape,pass,no,
file_ownerships_var_log_sssd,pass,no,
file_permission_user_bash_history,pass,yes,roles/cis_hardening/tasks/pam.yml:2; roles/cis_hardening/tasks/main.yml:110; roles/cis_hardening/defaults/main.yml:25
file_permission_user_init_files,fail,yes,roles/cis_hardening/tasks/updates_apparmor.yml:38; roles/cis_hardening/tasks/ssh.yml:10; roles/cis_hardening/tasks/pam.yml:117; roles/cis_hardening/tasks/kernel_modules.yml:29; roles/cis_hardening/tasks/main.yml:110
file_permissions_at_allow,pass,yes,roles/cis_hardening/tasks/ssh.yml:81; roles/cis_hardening/tasks/firewall.yml:8; roles/cis_hardening/tasks/services.yml:59; roles/cis_hardening/tasks/main.yml:110; roles/cis_hardening/defaults/main.yml:32; roles/cis_hardening/templates/sshd_01_cis.conf.j2:20
file_permissions_at_deny,pass,yes,roles/cis_hardening/tasks/main.yml:110
file_permissions_backup_etc_group,pass,yes,roles/cis_hardening/tasks/sudo.yml:11; roles/cis_hardening/tasks/users.yml:6; roles/cis_hardening/tasks/ssh.yml:7; roles/cis_hardening/tasks/pam.yml:13; roles/cis_hardening/tasks/banners.yml:6; roles/cis_hardening/tasks/services.yml:25; roles/cis_hardening/tasks/logging_audit.yml:27; roles/cis_hardening/tasks/kernel_modules.yml:6; roles/cis_hardening/tasks/process_hardening.yml:6; roles/cis_hardening/tasks/main.yml:110; roles/cis_hardening/tasks/file_perms.yml:2; roles/cis_hardening/defaults/main.yml:32; roles/cis_hardening/templates/sshd_01_cis.conf.j2:14
file_permissions_backup_etc_gshadow,pass,yes,roles/cis_hardening/tasks/main.yml:110; roles/cis_hardening/tasks/file_perms.yml:2
file_permissions_backup_etc_passwd,pass,yes,roles/cis_hardening/tasks/users.yml:16; roles/cis_hardening/tasks/main.yml:110; roles/cis_hardening/tasks/file_perms.yml:2
file_permissions_backup_etc_shadow,pass,yes,roles/cis_hardening/tasks/main.yml:110; roles/cis_hardening/tasks/file_perms.yml:2
file_permissions_cron_allow,pass,yes,roles/cis_hardening/tasks/ssh.yml:81; roles/cis_hardening/tasks/firewall.yml:8; roles/cis_hardening/tasks/services.yml:59; roles/cis_hardening/tasks/main.yml:110; roles/cis_hardening/defaults/main.yml:32; roles/cis_hardening/templates/sshd_01_cis.conf.j2:20
file_permissions_cron_d,pass,yes,roles/cis_hardening/tasks/main.yml:110
file_permissions_cron_daily,pass,yes,roles/cis_hardening/tasks/services.yml:47; roles/cis_hardening/tasks/logging_audit.yml:128; roles/cis_hardening/tasks/main.yml:110
file_permissions_cron_hourly,pass,yes,roles/cis_hardening/tasks/services.yml:46; roles/cis_hardening/tasks/main.yml:110
file_permissions_cron_monthly,pass,yes,roles/cis_hardening/tasks/services.yml:49; roles/cis_hardening/tasks/main.yml:110
file_permissions_cron_weekly,pass,yes,roles/cis_hardening/tasks/services.yml:48; roles/cis_hardening/tasks/main.yml:110
file_permissions_crontab,pass,yes,roles/cis_hardening/tasks/services.yml:52; roles/cis_hardening/tasks/main.yml:110
file_permissions_etc_group,pass,yes,roles/cis_hardening/tasks/sudo.yml:11; roles/cis_hardening/tasks/users.yml:6; roles/cis_hardening/tasks/ssh.yml:7; roles/cis_hardening/tasks/pam.yml:13; roles/cis_hardening/tasks/banners.yml:6; roles/cis_hardening/tasks/services.yml:25; roles/cis_hardening/tasks/logging_audit.yml:27; roles/cis_hardening/tasks/kernel_modules.yml:6; roles/cis_hardening/tasks/process_hardening.yml:6; roles/cis_hardening/tasks/main.yml:110; roles/cis_hardening/tasks/file_perms.yml:6; roles/cis_hardening/defaults/main.yml:32; roles/cis_hardening/templates/sshd_01_cis.conf.j2:14
file_permissions_etc_gshadow,pass,yes,roles/cis_hardening/tasks/main.yml:110; roles/cis_hardening/tasks/file_perms.yml:15
file_permissions_etc_issue,pass,yes,roles/cis_hardening/tasks/banners.yml:11; roles/cis_hardening/tasks/main.yml:110; roles/cis_hardening/templates/sshd_01_cis.conf.j2:18
file_permissions_etc_issue_net,pass,yes,roles/cis_hardening/tasks/banners.yml:11; roles/cis_hardening/tasks/main.yml:110; roles/cis_hardening/templates/sshd_01_cis.conf.j2:18
file_permissions_etc_motd,pass,yes,roles/cis_hardening/tasks/main.yml:110
file_permissions_etc_passwd,pass,yes,roles/cis_hardening/tasks/users.yml:16; roles/cis_hardening/tasks/main.yml:110; roles/cis_hardening/tasks/file_perms.yml:2
file_permissions_etc_security_opasswd,pass,yes,roles/cis_hardening/tasks/updates_apparmor.yml:7; roles/cis_hardening/tasks/pam.yml:11; roles/cis_hardening/tasks/process_hardening.yml:28; roles/cis_hardening/tasks/main.yml:110; roles/cis_hardening/tasks/file_perms.yml:28
file_permissions_etc_security_opasswd_old,pass,yes,roles/cis_hardening/tasks/updates_apparmor.yml:7; roles/cis_hardening/tasks/pam.yml:11; roles/cis_hardening/tasks/process_hardening.yml:28; roles/cis_hardening/tasks/main.yml:110; roles/cis_hardening/tasks/file_perms.yml:28
file_permissions_etc_shadow,pass,yes,roles/cis_hardening/tasks/main.yml:110; roles/cis_hardening/tasks/file_perms.yml:15
file_permissions_etc_shells,pass,yes,roles/cis_hardening/tasks/main.yml:110
file_permissions_grub2_cfg,pass,yes,roles/cis_hardening/tasks/process_hardening.yml:8; roles/cis_hardening/tasks/main.yml:110
file_permissions_home_directories,pass,yes,roles/cis_hardening/tasks/users.yml:44; roles/cis_hardening/tasks/services.yml:39; roles/cis_hardening/tasks/main.yml:110
file_permissions_sshd_config,pass,yes,roles/cis_hardening/tasks/users.yml:36; roles/cis_hardening/tasks/ssh.yml:4; roles/cis_hardening/tasks/pam.yml:9; roles/cis_hardening/tasks/services.yml:21; roles/cis_hardening/tasks/logging_audit.yml:12; roles/cis_hardening/tasks/process_hardening.yml:2; roles/cis_hardening/tasks/main.yml:110; roles/cis_hardening/templates/sshd_01_cis.conf.j2:23
file_permissions_sshd_drop_in_config,fail,yes,roles/cis_hardening/tasks/users.yml:36; roles/cis_hardening/tasks/ssh.yml:4; roles/cis_hardening/tasks/pam.yml:9; roles/cis_hardening/tasks/services.yml:21; roles/cis_hardening/tasks/logging_audit.yml:12; roles/cis_hardening/tasks/process_hardening.yml:2; roles/cis_hardening/tasks/main.yml:110; roles/cis_hardening/templates/sshd_01_cis.conf.j2:23
file_permissions_sshd_private_key,pass,yes,roles/cis_hardening/tasks/ssh.yml:50; roles/cis_hardening/tasks/main.yml:110
file_permissions_sshd_pub_key,pass,yes,roles/cis_hardening/tasks/main.yml:110
file_permissions_unauthorized_world_writable,pass,yes,roles/cis_hardening/tasks/users.yml:56; roles/cis_hardening/tasks/main.yml:110
file_permissions_ungroupowned,pass,yes,roles/cis_hardening/tasks/main.yml:110
file_permissions_var_log_apt,pass,yes,roles/cis_hardening/tasks/main.yml:110
file_permissions_var_log_auth,pass,yes,roles/cis_hardening/tasks/main.yml:110
file_permissions_var_log_cloud-init,pass,yes,roles/cis_hardening/tasks/main.yml:10
file_permissions_var_log_gdm,pass,yes,roles/cis_hardening/tasks/main.yml:110
file_permissions_var_log_gdm3,pass,yes,roles/cis_hardening/tasks/main.yml:110
file_permissions_var_log_lastlog,pass,yes,roles/cis_hardening/tasks/main.yml:110
file_permissions_var_log_localmessages,pass,yes,roles/cis_hardening/tasks/main.yml:110
file_permissions_var_log_messages,pass,yes,roles/cis_hardening/tasks/main.yml:110
file_permissions_var_log_secure,pass,yes,roles/cis_hardening/tasks/ssh.yml:62; roles/cis_hardening/tasks/services.yml:39; roles/cis_hardening/tasks/process_hardening.yml:2; roles/cis_hardening/tasks/main.yml:110; roles/cis_hardening/defaults/main.yml:113
file_permissions_var_log_sssd,pass,yes,roles/cis_hardening/tasks/main.yml:110
file_permissions_var_log_syslog,pass,yes,roles/cis_hardening/tasks/logging_audit.yml:2; roles/cis_hardening/tasks/main.yml:110; roles/cis_hardening/defaults/main.yml:131; roles/cis_hardening/handlers/main.yml:30
file_permissions_var_log_waagent,pass,yes,roles/cis_hardening/tasks/main.yml:110
file_permissions_var_log_wbtmp,pass,yes,roles/cis_hardening/tasks/main.yml:110
firewall_single_service_active,pass,yes,roles/cis_hardening/tasks/updates_apparmor.yml:31; roles/cis_hardening/tasks/users.yml:27; roles/cis_hardening/tasks/pam.yml:120; roles/cis_hardening/tasks/firewall.yml:6; roles/cis_hardening/tasks/main.yml:15; roles/cis_hardening/defaults/main.yml:27; roles/cis_hardening/templates/sshd_01_cis.conf.j2:11; roles/cis_hardening/handlers/main.yml:4
gid_passwd_group_same,pass,yes,roles/cis_hardening/tasks/sudo.yml:11; roles/cis_hardening/tasks/users.yml:6; roles/cis_hardening/tasks/ssh.yml:7; roles/cis_hardening/tasks/pam.yml:13; roles/cis_hardening/tasks/banners.yml:6; roles/cis_hardening/tasks/services.yml:25; roles/cis_hardening/tasks/logging_audit.yml:27; roles/cis_hardening/tasks/kernel_modules.yml:6; roles/cis_hardening/tasks/process_hardening.yml:6; roles/cis_hardening/tasks/file_perms.yml:2; roles/cis_hardening/defaults/main.yml:32; roles/cis_hardening/templates/sshd_01_cis.conf.j2:14
gnome_gdm_disable_xdmcp,notapplicable,yes,roles/cis_hardening/tasks/users.yml:20; roles/cis_hardening/tasks/services.yml:14; roles/cis_hardening/tasks/kernel_modules.yml:2; roles/cis_hardening/tasks/process_hardening.yml:26; roles/cis_hardening/defaults/main.yml:80
group_unique_id,pass,yes,roles/cis_hardening/tasks/sudo.yml:11; roles/cis_hardening/tasks/users.yml:6; roles/cis_hardening/tasks/ssh.yml:7; roles/cis_hardening/tasks/pam.yml:13; roles/cis_hardening/tasks/banners.yml:6; roles/cis_hardening/tasks/services.yml:25; roles/cis_hardening/tasks/logging_audit.yml:27; roles/cis_hardening/tasks/kernel_modules.yml:6; roles/cis_hardening/tasks/process_hardening.yml:6; roles/cis_hardening/tasks/file_perms.yml:6; roles/cis_hardening/defaults/main.yml:32; roles/cis_hardening/templates/sshd_01_cis.conf.j2:14
group_unique_name,pass,yes,roles/cis_hardening/tasks/sudo.yml:11; roles/cis_hardening/tasks/users.yml:6; roles/cis_hardening/tasks/ssh.yml:7; roles/cis_hardening/tasks/pam.yml:13; roles/cis_hardening/tasks/banners.yml:6; roles/cis_hardening/tasks/services.yml:25; roles/cis_hardening/tasks/logging_audit.yml:27; roles/cis_hardening/tasks/kernel_modules.yml:6; roles/cis_hardening/tasks/process_hardening.yml:6; roles/cis_hardening/tasks/file_perms.yml:6; roles/cis_hardening/defaults/main.yml:32; roles/cis_hardening/templates/sshd_01_cis.conf.j2:14
groups_no_zero_gid_except_root,pass,yes,roles/cis_hardening/tasks/ssh.yml:81; roles/cis_hardening/defaults/main.yml:32; roles/cis_hardening/templates/sshd_01_cis.conf.j2:23
grub2_enable_apparmor,pass,yes,roles/cis_hardening/tasks/updates_apparmor.yml:16; roles/cis_hardening/tasks/pam.yml:117; roles/cis_hardening/tasks/firewall.yml:58; roles/cis_hardening/tasks/services.yml:17; roles/cis_hardening/tasks/logging_audit.yml:9; roles/cis_hardening/tasks/process_hardening.yml:8; roles/cis_hardening/tasks/main.yml:35; roles/cis_hardening/defaults/main.yml:127; roles/cis_hardening/handlers/main.yml:35
grub2_password,fail,yes,roles/cis_hardening/tasks/ssh.yml:81; roles/cis_hardening/tasks/pam.yml:2; roles/cis_hardening/tasks/process_hardening.yml:8; roles/cis_hardening/tasks/main.yml:89; roles/cis_hardening/defaults/main.yml:38; roles/cis_hardening/templates/sshd_01_cis.conf.j2:8
grub2_uefi_password,fail,yes,roles/cis_hardening/tasks/ssh.yml:81; roles/cis_hardening/tasks/pam.yml:2; roles/cis_hardening/tasks/process_hardening.yml:8; roles/cis_hardening/tasks/main.yml:89; roles/cis_hardening/defaults/main.yml:38; roles/cis_hardening/templates/sshd_01_cis.conf.j2:8
has_nonlocal_mta,fail,no,
ip6tables_rules_for_open_ports,notapplicable,yes,roles/cis_hardening/tasks/firewall.yml:48; roles/cis_hardening/tasks/logging_audit.yml:57; roles/cis_hardening/tasks/main.yml:8; roles/cis_hardening/defaults/main.yml:42
iptables_rules_for_open_ports,notapplicable,yes,roles/cis_hardening/tasks/firewall.yml:48; roles/cis_hardening/tasks/logging_audit.yml:57; roles/cis_hardening/tasks/main.yml:8; roles/cis_hardening/defaults/main.yml:42
journald_compress,notapplicable,yes,roles/cis_hardening/tasks/logging_audit.yml:22; roles/cis_hardening/handlers/main.yml:25
journald_disable_forward_to_syslog,notapplicable,yes,roles/cis_hardening/tasks/users.yml:20; roles/cis_hardening/tasks/ssh.yml:81; roles/cis_hardening/tasks/services.yml:14; roles/cis_hardening/tasks/logging_audit.yml:2; roles/cis_hardening/tasks/kernel_modules.yml:2; roles/cis_hardening/tasks/process_hardening.yml:26; roles/cis_hardening/defaults/main.yml:80; roles/cis_hardening/templates/sshd_01_cis.conf.j2:3; roles/cis_hardening/handlers/main.yml:25
journald_forward_to_syslog,fail,yes,roles/cis_hardening/tasks/ssh.yml:81; roles/cis_hardening/tasks/logging_audit.yml:2; roles/cis_hardening/defaults/main.yml:103; roles/cis_hardening/templates/sshd_01_cis.conf.j2:3; roles/cis_hardening/handlers/main.yml:25
journald_storage,notapplicable,yes,roles/cis_hardening/tasks/logging_audit.yml:22; roles/cis_hardening/tasks/process_hardening.yml:51; roles/cis_hardening/defaults/main.yml:89; roles/cis_hardening/handlers/main.yml:25
kernel_module_cramfs_disabled,pass,yes,roles/cis_hardening/tasks/pam.yml:6; roles/cis_hardening/tasks/kernel_modules.yml:2; roles/cis_hardening/tasks/main.yml:19; roles/cis_hardening/defaults/main.yml:61
kernel_module_freevxfs_disabled,pass,yes,roles/cis_hardening/tasks/pam.yml:6; roles/cis_hardening/tasks/kernel_modules.yml:2; roles/cis_hardening/tasks/main.yml:19; roles/cis_hardening/defaults/main.yml:61
kernel_module_hfs_disabled,pass,yes,roles/cis_hardening/tasks/pam.yml:6; roles/cis_hardening/tasks/kernel_modules.yml:2; roles/cis_hardening/tasks/main.yml:19; roles/cis_hardening/defaults/main.yml:61
kernel_module_hfsplus_disabled,pass,yes,roles/cis_hardening/tasks/pam.yml:6; roles/cis_hardening/tasks/kernel_modules.yml:2; roles/cis_hardening/tasks/main.yml:19; roles/cis_hardening/defaults/main.yml:61
kernel_module_jffs2_disabled,pass,yes,roles/cis_hardening/tasks/pam.yml:6; roles/cis_hardening/tasks/kernel_modules.yml:2; roles/cis_hardening/tasks/main.yml:19; roles/cis_hardening/defaults/main.yml:61
kernel_module_usb-storage_disabled,pass,yes,roles/cis_hardening/tasks/pam.yml:6; roles/cis_hardening/tasks/kernel_modules.yml:2; roles/cis_hardening/tasks/main.yml:19; roles/cis_hardening/defaults/main.yml:61
logging_services_active,pass,yes,roles/cis_hardening/tasks/users.yml:27; roles/cis_hardening/tasks/pam.yml:120; roles/cis_hardening/tasks/firewall.yml:61; roles/cis_hardening/tasks/main.yml:15; roles/cis_hardening/defaults/main.yml:27; roles/cis_hardening/templates/sshd_01_cis.conf.j2:11
mount_option_dev_shm_nodev,pass,yes,roles/cis_hardening/tasks/mount_options.yml:3; roles/cis_hardening/tasks/process_hardening.yml:8; roles/cis_hardening/tasks/main.yml:26
mount_option_dev_shm_noexec,pass,yes,roles/cis_hardening/tasks/mount_options.yml:3; roles/cis_hardening/tasks/process_hardening.yml:8; roles/cis_hardening/tasks/main.yml:26
mount_option_dev_shm_nosuid,pass,yes,roles/cis_hardening/tasks/mount_options.yml:3; roles/cis_hardening/tasks/process_hardening.yml:8; roles/cis_hardening/tasks/main.yml:26
mount_option_home_nodev,notapplicable,yes,roles/cis_hardening/tasks/mount_options.yml:3; roles/cis_hardening/tasks/process_hardening.yml:8; roles/cis_hardening/tasks/main.yml:26
mount_option_home_nosuid,notapplicable,yes,roles/cis_hardening/tasks/mount_options.yml:3; roles/cis_hardening/tasks/process_hardening.yml:8; roles/cis_hardening/tasks/main.yml:26
mount_option_tmp_nodev,notapplicable,yes,roles/cis_hardening/tasks/mount_options.yml:3; roles/cis_hardening/tasks/process_hardening.yml:8; roles/cis_hardening/tasks/main.yml:26
mount_option_tmp_noexec,notapplicable,yes,roles/cis_hardening/tasks/mount_options.yml:3; roles/cis_hardening/tasks/process_hardening.yml:8; roles/cis_hardening/tasks/main.yml:26
mount_option_tmp_nosuid,notapplicable,yes,roles/cis_hardening/tasks/mount_options.yml:3; roles/cis_hardening/tasks/process_hardening.yml:8; roles/cis_hardening/tasks/main.yml:26
mount_option_var_log_audit_nodev,notapplicable,yes,roles/cis_hardening/tasks/updates_apparmor.yml:27; roles/cis_hardening/tasks/ssh.yml:87; roles/cis_hardening/tasks/mount_options.yml:3; roles/cis_hardening/tasks/pam.yml:142; roles/cis_hardening/tasks/logging_audit.yml:2; roles/cis_hardening/tasks/process_hardening.yml:8; roles/cis_hardening/tasks/main.yml:26; roles/cis_hardening/defaults/main.yml:47; roles/cis_hardening/handlers/main.yml:21
mount_option_var_log_audit_noexec,notapplicable,yes,roles/cis_hardening/tasks/updates_apparmor.yml:27; roles/cis_hardening/tasks/ssh.yml:87; roles/cis_hardening/tasks/mount_options.yml:3; roles/cis_hardening/tasks/pam.yml:142; roles/cis_hardening/tasks/logging_audit.yml:2; roles/cis_hardening/tasks/process_hardening.yml:8; roles/cis_hardening/tasks/main.yml:26; roles/cis_hardening/defaults/main.yml:47; roles/cis_hardening/handlers/main.yml:21
mount_option_var_log_audit_nosuid,notapplicable,yes,roles/cis_hardening/tasks/updates_apparmor.yml:27; roles/cis_hardening/tasks/ssh.yml:87; roles/cis_hardening/tasks/mount_options.yml:3; roles/cis_hardening/tasks/pam.yml:142; roles/cis_hardening/tasks/logging_audit.yml:2; roles/cis_hardening/tasks/process_hardening.yml:8; roles/cis_hardening/tasks/main.yml:26; roles/cis_hardening/defaults/main.yml:47; roles/cis_hardening/handlers/main.yml:21
mount_option_var_log_nodev,notapplicable,yes,roles/cis_hardening/tasks/mount_options.yml:3; roles/cis_hardening/tasks/process_hardening.yml:8; roles/cis_hardening/tasks/main.yml:26
mount_option_var_log_noexec,notapplicable,yes,roles/cis_hardening/tasks/mount_options.yml:3; roles/cis_hardening/tasks/process_hardening.yml:8; roles/cis_hardening/tasks/main.yml:26
mount_option_var_log_nosuid,notapplicable,yes,roles/cis_hardening/tasks/mount_options.yml:3; roles/cis_hardening/tasks/process_hardening.yml:8; roles/cis_hardening/tasks/main.yml:26
mount_option_var_nodev,notapplicable,yes,roles/cis_hardening/tasks/mount_options.yml:3; roles/cis_hardening/tasks/process_hardening.yml:8; roles/cis_hardening/tasks/main.yml:26
mount_option_var_nosuid,notapplicable,yes,roles/cis_hardening/tasks/mount_options.yml:3; roles/cis_hardening/tasks/process_hardening.yml:8; roles/cis_hardening/tasks/main.yml:26
mount_option_var_tmp_nodev,notapplicable,yes,roles/cis_hardening/tasks/mount_options.yml:3; roles/cis_hardening/tasks/process_hardening.yml:8; roles/cis_hardening/tasks/main.yml:26
mount_option_var_tmp_noexec,notapplicable,yes,roles/cis_hardening/tasks/mount_options.yml:3; roles/cis_hardening/tasks/process_hardening.yml:8; roles/cis_hardening/tasks/main.yml:26
mount_option_var_tmp_nosuid,notapplicable,yes,roles/cis_hardening/tasks/mount_options.yml:3; roles/cis_hardening/tasks/process_hardening.yml:8; roles/cis_hardening/tasks/main.yml:26
nftables_ensure_default_deny_policy,notapplicable,yes,roles/cis_hardening/tasks/updates_apparmor.yml:25; roles/cis_hardening/tasks/sudo.yml:15; roles/cis_hardening/tasks/users.yml:2; roles/cis_hardening/tasks/ssh.yml:2; roles/cis_hardening/tasks/mount_options.yml:12; roles/cis_hardening/tasks/pam.yml:25; roles/cis_hardening/tasks/firewall.yml:15; roles/cis_hardening/tasks/logging_audit.yml:9; roles/cis_hardening/tasks/kernel_modules.yml:21; roles/cis_hardening/tasks/process_hardening.yml:15; roles/cis_hardening/defaults/main.yml:102; roles/cis_hardening/templates/sshd_01_cis.conf.j2:10
nftables_rules_permanent,fail,yes,roles/cis_hardening/tasks/firewall.yml:48; roles/cis_hardening/tasks/logging_audit.yml:57
no_dirs_unowned_by_root,pass,no,
no_empty_passwords_etc_shadow,pass,yes,roles/cis_hardening/tasks/ssh.yml:81; roles/cis_hardening/tasks/services.yml:59; roles/cis_hardening/tasks/file_perms.yml:15; roles/cis_hardening/templates/sshd_01_cis.conf.j2:8
no_empty_passwords_unix,fail,yes,roles/cis_hardening/tasks/ssh.yml:81; roles/cis_hardening/tasks/services.yml:59; roles/cis_hardening/templates/sshd_01_cis.conf.j2:8
no_files_unowned_by_user,pass,yes,roles/cis_hardening/tasks/updates_apparmor.yml:38; roles/cis_hardening/tasks/ssh.yml:10; roles/cis_hardening/tasks/pam.yml:117; roles/cis_hardening/tasks/kernel_modules.yml:29
no_forward_files,pass,yes,roles/cis_hardening/tasks/updates_apparmor.yml:38; roles/cis_hardening/tasks/ssh.yml:10; roles/cis_hardening/tasks/pam.yml:117; roles/cis_hardening/tasks/logging_audit.yml:12; roles/cis_hardening/tasks/kernel_modules.yml:29; roles/cis_hardening/defaults/main.yml:103; roles/cis_hardening/templates/sshd_01_cis.conf.j2:3
no_invalid_shell_accounts_unlocked,pass,yes,roles/cis_hardening/tasks/updates_apparmor.yml:39; roles/cis_hardening/tasks/users.yml:14; roles/cis_hardening/tasks/ssh.yml:79; roles/cis_hardening/tasks/pam.yml:118; roles/cis_hardening/tasks/logging_audit.yml:100; roles/cis_hardening/tasks/file_perms.yml:37
no_netrc_files,pass,yes,roles/cis_hardening/tasks/updates_apparmor.yml:38; roles/cis_hardening/tasks/ssh.yml:10; roles/cis_hardening/tasks/pam.yml:117; roles/cis_hardening/tasks/kernel_modules.yml:29
no_rsh_trust_files,notapplicable,yes,roles/cis_hardening/tasks/updates_apparmor.yml:38; roles/cis_hardening/tasks/ssh.yml:10; roles/cis_hardening/tasks/pam.yml:117; roles/cis_hardening/tasks/kernel_modules.yml:29
no_shelllogin_for_systemaccounts,pass,no,
ntp_single_service_active,pass,yes,roles/cis_hardening/tasks/updates_apparmor.yml:31; roles/cis_hardening/tasks/users.yml:27; roles/cis_hardening/tasks/pam.yml:120; roles/cis_hardening/tasks/main.yml:15; roles/cis_hardening/defaults/main.yml:27; roles/cis_hardening/templates/sshd_01_cis.conf.j2:11; roles/cis_hardening/handlers/main.yml:4
package_aide_installed,pass,yes,roles/cis_hardening/tasks/services.yml:2; roles/cis_hardening/tasks/logging_audit.yml:9; roles/cis_hardening/tasks/process_hardening.yml:8; roles/cis_hardening/tasks/main.yml:33; roles/cis_hardening/defaults/main.yml:52
package_apparmor-utils_installed,pass,yes,roles/cis_hardening/tasks/updates_apparmor.yml:20; roles/cis_hardening/tasks/services.yml:2; roles/cis_hardening/tasks/logging_audit.yml:9; roles/cis_hardening/tasks/process_hardening.yml:8; roles/cis_hardening/tasks/main.yml:33; roles/cis_hardening/defaults/main.yml:52
package_apparmor_installed,pass,yes,roles/cis_hardening/tasks/updates_apparmor.yml:16; roles/cis_hardening/tasks/services.yml:2; roles/cis_hardening/tasks/logging_audit.yml:9; roles/cis_hardening/tasks/process_hardening.yml:8; roles/cis_hardening/tasks/main.yml:33; roles/cis_hardening/defaults/main.yml:52; roles/cis_hardening/handlers/main.yml:35
package_autofs_removed,pass,yes,roles/cis_hardening/tasks/users.yml:41; roles/cis_hardening/tasks/services.yml:2; roles/cis_hardening/tasks/logging_audit.yml:10; roles/cis_hardening/tasks/process_hardening.yml:8; roles/cis_hardening/tasks/main.yml:33; roles/cis_hardening/defaults/main.yml:52
package_avahi_removed,pass,yes,roles/cis_hardening/tasks/users.yml:41; roles/cis_hardening/tasks/services.yml:2; roles/cis_hardening/tasks/logging_audit.yml:10; roles/cis_hardening/tasks/process_hardening.yml:8; roles/cis_hardening/tasks/main.yml:33; roles/cis_hardening/defaults/main.yml:52
package_bind_removed,pass,yes,roles/cis_hardening/tasks/users.yml:41; roles/cis_hardening/tasks/services.yml:2; roles/cis_hardening/tasks/logging_audit.yml:10; roles/cis_hardening/tasks/process_hardening.yml:8; roles/cis_hardening/tasks/main.yml:33; roles/cis_hardening/defaults/main.yml:52
package_chrony_installed,pass,yes,roles/cis_hardening/tasks/services.yml:2; roles/cis_hardening/tasks/logging_audit.yml:9; roles/cis_hardening/tasks/process_hardening.yml:8; roles/cis_hardening/tasks/main.yml:33; roles/cis_hardening/defaults/main.yml:52
package_cron_installed,pass,yes,roles/cis_hardening/tasks/services.yml:2; roles/cis_hardening/tasks/logging_audit.yml:9; roles/cis_hardening/tasks/process_hardening.yml:8; roles/cis_hardening/tasks/main.yml:33; roles/cis_hardening/defaults/main.yml:52
package_cups_removed,pass,yes,roles/cis_hardening/tasks/users.yml:41; roles/cis_hardening/tasks/services.yml:2; roles/cis_hardening/tasks/logging_audit.yml:10; roles/cis_hardening/tasks/process_hardening.yml:8; roles/cis_hardening/tasks/main.yml:33; roles/cis_hardening/defaults/main.yml:52
package_dhcp_removed,pass,yes,roles/cis_hardening/tasks/users.yml:41; roles/cis_hardening/tasks/services.yml:2; roles/cis_hardening/tasks/logging_audit.yml:10; roles/cis_hardening/tasks/process_hardening.yml:8; roles/cis_hardening/tasks/main.yml:33; roles/cis_hardening/defaults/main.yml:52
package_dnsmasq_removed,pass,yes,roles/cis_hardening/tasks/users.yml:41; roles/cis_hardening/tasks/services.yml:2; roles/cis_hardening/tasks/logging_audit.yml:10; roles/cis_hardening/tasks/process_hardening.yml:8; roles/cis_hardening/tasks/main.yml:33; roles/cis_hardening/defaults/main.yml:52
package_dovecot_removed,pass,yes,roles/cis_hardening/tasks/users.yml:41; roles/cis_hardening/tasks/services.yml:2; roles/cis_hardening/tasks/logging_audit.yml:10; roles/cis_hardening/tasks/process_hardening.yml:8; roles/cis_hardening/tasks/main.yml:33; roles/cis_hardening/defaults/main.yml:52
package_ftp_removed,pass,yes,roles/cis_hardening/tasks/users.yml:41; roles/cis_hardening/tasks/services.yml:2; roles/cis_hardening/tasks/logging_audit.yml:10; roles/cis_hardening/tasks/process_hardening.yml:8; roles/cis_hardening/tasks/main.yml:33; roles/cis_hardening/defaults/main.yml:52
package_httpd_removed,pass,yes,roles/cis_hardening/tasks/users.yml:41; roles/cis_hardening/tasks/services.yml:2; roles/cis_hardening/tasks/logging_audit.yml:10; roles/cis_hardening/tasks/process_hardening.yml:8; roles/cis_hardening/tasks/main.yml:33; roles/cis_hardening/defaults/main.yml:52
package_inetutils-telnet_removed,fail,yes,roles/cis_hardening/tasks/users.yml:41; roles/cis_hardening/tasks/services.yml:2; roles/cis_hardening/tasks/logging_audit.yml:10; roles/cis_hardening/tasks/process_hardening.yml:8; roles/cis_hardening/tasks/main.yml:33; roles/cis_hardening/defaults/main.yml:52
package_iptables-persistent_installed,pass,yes,roles/cis_hardening/tasks/services.yml:2; roles/cis_hardening/tasks/logging_audit.yml:9; roles/cis_hardening/tasks/process_hardening.yml:8; roles/cis_hardening/tasks/main.yml:33; roles/cis_hardening/defaults/main.yml:52
package_iptables-persistent_removed,pass,yes,roles/cis_hardening/tasks/users.yml:41; roles/cis_hardening/tasks/services.yml:2; roles/cis_hardening/tasks/logging_audit.yml:10; roles/cis_hardening/tasks/process_hardening.yml:8; roles/cis_hardening/tasks/main.yml:33; roles/cis_hardening/defaults/main.yml:52
package_iptables_installed,notapplicable,yes,roles/cis_hardening/tasks/services.yml:2; roles/cis_hardening/tasks/logging_audit.yml:9; roles/cis_hardening/tasks/process_hardening.yml:8; roles/cis_hardening/tasks/main.yml:33; roles/cis_hardening/defaults/main.yml:52
package_net-snmp_removed,pass,yes,roles/cis_hardening/tasks/users.yml:41; roles/cis_hardening/tasks/services.yml:2; roles/cis_hardening/tasks/logging_audit.yml:10; roles/cis_hardening/tasks/process_hardening.yml:8; roles/cis_hardening/tasks/main.yml:33; roles/cis_hardening/defaults/main.yml:52
package_nfs-kernel-server_removed,pass,yes,roles/cis_hardening/tasks/users.yml:41; roles/cis_hardening/tasks/services.yml:2; roles/cis_hardening/tasks/logging_audit.yml:10; roles/cis_hardening/tasks/process_hardening.yml:8; roles/cis_hardening/tasks/main.yml:33; roles/cis_hardening/defaults/main.yml:52
package_nftables_installed,notapplicable,yes,roles/cis_hardening/tasks/services.yml:2; roles/cis_hardening/tasks/logging_audit.yml:9; roles/cis_hardening/tasks/process_hardening.yml:8; roles/cis_hardening/tasks/main.yml:33; roles/cis_hardening/defaults/main.yml:52
package_nginx_removed,pass,yes,roles/cis_hardening/tasks/users.yml:41; roles/cis_hardening/tasks/services.yml:2; roles/cis_hardening/tasks/logging_audit.yml:10; roles/cis_hardening/tasks/process_hardening.yml:8; roles/cis_hardening/tasks/main.yml:33; roles/cis_hardening/defaults/main.yml:52
package_nis_removed,pass,yes,roles/cis_hardening/tasks/users.yml:41; roles/cis_hardening/tasks/services.yml:2; roles/cis_hardening/tasks/logging_audit.yml:10; roles/cis_hardening/tasks/process_hardening.yml:8; roles/cis_hardening/tasks/main.yml:33; roles/cis_hardening/defaults/main.yml:52
package_openldap-clients_removed,pass,yes,roles/cis_hardening/tasks/users.yml:41; roles/cis_hardening/tasks/services.yml:2; roles/cis_hardening/tasks/logging_audit.yml:10; roles/cis_hardening/tasks/process_hardening.yml:8; roles/cis_hardening/tasks/main.yml:33; roles/cis_hardening/defaults/main.yml:52
package_openldap-servers_removed,pass,yes,roles/cis_hardening/tasks/users.yml:41; roles/cis_hardening/tasks/services.yml:2; roles/cis_hardening/tasks/logging_audit.yml:10; roles/cis_hardening/tasks/process_hardening.yml:8; roles/cis_hardening/tasks/main.yml:33; roles/cis_hardening/defaults/main.yml:52
package_pam_modules_installed,pass,yes,roles/cis_hardening/tasks/pam.yml:6; roles/cis_hardening/tasks/services.yml:2; roles/cis_hardening/tasks/logging_audit.yml:9; roles/cis_hardening/tasks/kernel_modules.yml:2; roles/cis_hardening/tasks/process_hardening.yml:8; roles/cis_hardening/tasks/main.yml:21; roles/cis_hardening/defaults/main.yml:52
package_pam_pwquality_installed,pass,yes,roles/cis_hardening/tasks/pam.yml:5; roles/cis_hardening/tasks/services.yml:2; roles/cis_hardening/tasks/logging_audit.yml:9; roles/cis_hardening/tasks/process_hardening.yml:8; roles/cis_hardening/tasks/main.yml:33; roles/cis_hardening/defaults/main.yml:8
package_pam_runtime_installed,pass,yes,roles/cis_hardening/tasks/services.yml:2; roles/cis_hardening/tasks/logging_audit.yml:9; roles/cis_hardening/tasks/process_hardening.yml:8; roles/cis_hardening/tasks/main.yml:33; roles/cis_hardening/defaults/main.yml:52
package_prelink_removed,pass,yes,roles/cis_hardening/tasks/users.yml:41; roles/cis_hardening/tasks/services.yml:2; roles/cis_hardening/tasks/logging_audit.yml:10; roles/cis_hardening/tasks/process_hardening.yml:8; roles/cis_hardening/tasks/main.yml:33; roles/cis_hardening/defaults/main.yml:52
package_rpcbind_removed,pass,yes,roles/cis_hardening/tasks/users.yml:41; roles/cis_hardening/tasks/services.yml:2; roles/cis_hardening/tasks/logging_audit.yml:10; roles/cis_hardening/tasks/process_hardening.yml:8; roles/cis_hardening/tasks/main.yml:33; roles/cis_hardening/defaults/main.yml:52
package_rsh_removed,pass,yes,roles/cis_hardening/tasks/users.yml:41; roles/cis_hardening/tasks/services.yml:2; roles/cis_hardening/tasks/logging_audit.yml:10; roles/cis_hardening/tasks/process_hardening.yml:8; roles/cis_hardening/tasks/main.yml:33; roles/cis_hardening/defaults/main.yml:52
package_rsync_removed,pass,yes,roles/cis_hardening/tasks/users.yml:41; roles/cis_hardening/tasks/services.yml:2; roles/cis_hardening/tasks/logging_audit.yml:10; roles/cis_hardening/tasks/process_hardening.yml:8; roles/cis_hardening/tasks/main.yml:33; roles/cis_hardening/defaults/main.yml:52
package_rsyslog_installed,pass,yes,roles/cis_hardening/tasks/services.yml:2; roles/cis_hardening/tasks/logging_audit.yml:2; roles/cis_hardening/tasks/process_hardening.yml:8; roles/cis_hardening/tasks/main.yml:33; roles/cis_hardening/defaults/main.yml:52; roles/cis_hardening/handlers/main.yml:30
package_samba_removed,pass,yes,roles/cis_hardening/tasks/users.yml:41; roles/cis_hardening/tasks/services.yml:2; roles/cis_hardening/tasks/logging_audit.yml:10; roles/cis_hardening/tasks/process_hardening.yml:8; roles/cis_hardening/tasks/main.yml:33; roles/cis_hardening/defaults/main.yml:52
package_squid_removed,pass,yes,roles/cis_hardening/tasks/users.yml:41; roles/cis_hardening/tasks/services.yml:2; roles/cis_hardening/tasks/logging_audit.yml:10; roles/cis_hardening/tasks/process_hardening.yml:8; roles/cis_hardening/tasks/main.yml:33; roles/cis_hardening/defaults/main.yml:52
package_sudo_installed,pass,yes,roles/cis_hardening/tasks/services.yml:2; roles/cis_hardening/tasks/logging_audit.yml:9; roles/cis_hardening/tasks/process_hardening.yml:8; roles/cis_hardening/tasks/main.yml:33; roles/cis_hardening/defaults/main.yml:52
package_systemd-journal-remote_installed,notapplicable,yes,roles/cis_hardening/tasks/services.yml:2; roles/cis_hardening/tasks/logging_audit.yml:2; roles/cis_hardening/tasks/process_hardening.yml:8; roles/cis_hardening/tasks/main.yml:33; roles/cis_hardening/defaults/main.yml:52
package_talk_removed,pass,yes,roles/cis_hardening/tasks/users.yml:41; roles/cis_hardening/tasks/services.yml:2; roles/cis_hardening/tasks/logging_audit.yml:10; roles/cis_hardening/tasks/process_hardening.yml:8; roles/cis_hardening/tasks/main.yml:33; roles/cis_hardening/defaults/main.yml:52
package_telnet_removed,pass,yes,roles/cis_hardening/tasks/users.yml:41; roles/cis_hardening/tasks/services.yml:2; roles/cis_hardening/tasks/logging_audit.yml:10; roles/cis_hardening/tasks/process_hardening.yml:8; roles/cis_hardening/tasks/main.yml:33; roles/cis_hardening/defaults/main.yml:52
package_tftp-server_removed,pass,yes,roles/cis_hardening/tasks/users.yml:41; roles/cis_hardening/tasks/services.yml:2; roles/cis_hardening/tasks/logging_audit.yml:10; roles/cis_hardening/tasks/process_hardening.yml:8; roles/cis_hardening/tasks/main.yml:33; roles/cis_hardening/defaults/main.yml:52
package_timesyncd_installed,fail,yes,roles/cis_hardening/tasks/services.yml:2; roles/cis_hardening/tasks/logging_audit.yml:9; roles/cis_hardening/tasks/process_hardening.yml:8; roles/cis_hardening/tasks/main.yml:33; roles/cis_hardening/defaults/main.yml:52
package_tnftp_removed,fail,yes,roles/cis_hardening/tasks/users.yml:41; roles/cis_hardening/tasks/services.yml:2; roles/cis_hardening/tasks/logging_audit.yml:10; roles/cis_hardening/tasks/process_hardening.yml:8; roles/cis_hardening/tasks/main.yml:33; roles/cis_hardening/defaults/main.yml:52
package_ufw_installed,pass,yes,roles/cis_hardening/tasks/services.yml:2; roles/cis_hardening/tasks/logging_audit.yml:9; roles/cis_hardening/tasks/process_hardening.yml:8; roles/cis_hardening/tasks/main.yml:33; roles/cis_hardening/defaults/main.yml:52
package_ufw_removed,fail,yes,roles/cis_hardening/tasks/users.yml:41; roles/cis_hardening/tasks/services.yml:2; roles/cis_hardening/tasks/logging_audit.yml:10; roles/cis_hardening/tasks/process_hardening.yml:8; roles/cis_hardening/tasks/main.yml:33; roles/cis_hardening/defaults/main.yml:52
package_vsftpd_removed,pass,yes,roles/cis_hardening/tasks/users.yml:41; roles/cis_hardening/tasks/services.yml:2; roles/cis_hardening/tasks/logging_audit.yml:10; roles/cis_hardening/tasks/process_hardening.yml:8; roles/cis_hardening/tasks/main.yml:33; roles/cis_hardening/defaults/main.yml:52
package_xinetd_removed,pass,yes,roles/cis_hardening/tasks/users.yml:41; roles/cis_hardening/tasks/services.yml:2; roles/cis_hardening/tasks/logging_audit.yml:10; roles/cis_hardening/tasks/process_hardening.yml:8; roles/cis_hardening/tasks/main.yml:33; roles/cis_hardening/defaults/main.yml:52
package_ypserv_removed,pass,yes,roles/cis_hardening/tasks/users.yml:41; roles/cis_hardening/tasks/services.yml:2; roles/cis_hardening/tasks/logging_audit.yml:10; roles/cis_hardening/tasks/process_hardening.yml:8; roles/cis_hardening/tasks/main.yml:33; roles/cis_hardening/defaults/main.yml:52
partition_for_dev_shm,pass,no,
partition_for_tmp,fail,no,
permissions_local_var_log,fail,yes,roles/cis_hardening/tasks/users.yml:55; roles/cis_hardening/tasks/main.yml:110
postfix_network_listening_disabled,fail,yes,roles/cis_hardening/tasks/main.yml:61
root_path_all_dirs,fail,no,
root_path_no_dot,pass,no,
rsyslog_filecreatemode,pass,yes,roles/cis_hardening/tasks/logging_audit.yml:2; roles/cis_hardening/defaults/main.yml:131; roles/cis_hardening/handlers/main.yml:30
rsyslog_nolisten,pass,yes,roles/cis_hardening/tasks/logging_audit.yml:2; roles/cis_hardening/defaults/main.yml:131; roles/cis_hardening/handlers/main.yml:30
service_apport_disabled,fail,yes,roles/cis_hardening/tasks/updates_apparmor.yml:31; roles/cis_hardening/tasks/main.yml:54; roles/cis_hardening/defaults/main.yml:127; roles/cis_hardening/handlers/main.yml:4
service_autofs_disabled,notapplicable,yes,roles/cis_hardening/tasks/updates_apparmor.yml:31; roles/cis_hardening/tasks/main.yml:54; roles/cis_hardening/defaults/main.yml:53; roles/cis_hardening/handlers/main.yml:4
service_avahi-daemon_disabled,notapplicable,yes,roles/cis_hardening/tasks/updates_apparmor.yml:31; roles/cis_hardening/tasks/main.yml:54; roles/cis_hardening/defaults/main.yml:54; roles/cis_hardening/handlers/main.yml:4
service_bluetooth_disabled,pass,yes,roles/cis_hardening/tasks/updates_apparmor.yml:31; roles/cis_hardening/tasks/main.yml:54; roles/cis_hardening/defaults/main.yml:127; roles/cis_hardening/handlers/main.yml:4
service_chronyd_disabled,fail,yes,roles/cis_hardening/tasks/updates_apparmor.yml:31; roles/cis_hardening/tasks/main.yml:54; roles/cis_hardening/defaults/main.yml:127; roles/cis_hardening/handlers/main.yml:4
service_chronyd_enabled,pass,yes,roles/cis_hardening/tasks/updates_apparmor.yml:31; roles/cis_hardening/tasks/firewall.yml:60; roles/cis_hardening/tasks/services.yml:17; roles/cis_hardening/tasks/logging_audit.yml:9; roles/cis_hardening/tasks/main.yml:54; roles/cis_hardening/defaults/main.yml:127; roles/cis_hardening/handlers/main.yml:4
service_cron_enabled,pass,yes,roles/cis_hardening/tasks/updates_apparmor.yml:31; roles/cis_hardening/tasks/firewall.yml:60; roles/cis_hardening/tasks/services.yml:17; roles/cis_hardening/tasks/logging_audit.yml:9; roles/cis_hardening/tasks/main.yml:54; roles/cis_hardening/defaults/main.yml:127; roles/cis_hardening/handlers/main.yml:4
service_cups_disabled,pass,yes,roles/cis_hardening/tasks/updates_apparmor.yml:31; roles/cis_hardening/tasks/main.yml:54; roles/cis_hardening/defaults/main.yml:127; roles/cis_hardening/handlers/main.yml:4
service_dhcpd6_disabled,pass,yes,roles/cis_hardening/tasks/updates_apparmor.yml:31; roles/cis_hardening/tasks/main.yml:54; roles/cis_hardening/defaults/main.yml:127; roles/cis_hardening/handlers/main.yml:4
service_dhcpd_disabled,pass,yes,roles/cis_hardening/tasks/updates_apparmor.yml:31; roles/cis_hardening/tasks/main.yml:54; roles/cis_hardening/defaults/main.yml:127; roles/cis_hardening/handlers/main.yml:4
service_dnsmasq_disabled,pass,yes,roles/cis_hardening/tasks/updates_apparmor.yml:31; roles/cis_hardening/tasks/main.yml:54; roles/cis_hardening/defaults/main.yml:57; roles/cis_hardening/handlers/main.yml:4
service_dovecot_disabled,pass,yes,roles/cis_hardening/tasks/updates_apparmor.yml:31; roles/cis_hardening/tasks/main.yml:54; roles/cis_hardening/defaults/main.yml:58; roles/cis_hardening/handlers/main.yml:4
service_httpd_disabled,pass,yes,roles/cis_hardening/tasks/updates_apparmor.yml:31; roles/cis_hardening/tasks/main.yml:54; roles/cis_hardening/defaults/main.yml:127; roles/cis_hardening/handlers/main.yml:4
service_named_disabled,pass,yes,roles/cis_hardening/tasks/updates_apparmor.yml:31; roles/cis_hardening/tasks/main.yml:54; roles/cis_hardening/defaults/main.yml:127; roles/cis_hardening/handlers/main.yml:4
service_nfs_disabled,pass,yes,roles/cis_hardening/tasks/updates_apparmor.yml:31; roles/cis_hardening/tasks/main.yml:54; roles/cis_hardening/defaults/main.yml:127; roles/cis_hardening/handlers/main.yml:4
service_nftables_disabled,pass,yes,roles/cis_hardening/tasks/updates_apparmor.yml:31; roles/cis_hardening/tasks/main.yml:54; roles/cis_hardening/defaults/main.yml:127; roles/cis_hardening/handlers/main.yml:4
service_nftables_enabled,fail,yes,roles/cis_hardening/tasks/updates_apparmor.yml:31; roles/cis_hardening/tasks/firewall.yml:60; roles/cis_hardening/tasks/services.yml:17; roles/cis_hardening/tasks/logging_audit.yml:9; roles/cis_hardening/tasks/main.yml:54; roles/cis_hardening/defaults/main.yml:127; roles/cis_hardening/handlers/main.yml:4
service_nginx_disabled,pass,yes,roles/cis_hardening/tasks/updates_apparmor.yml:31; roles/cis_hardening/tasks/main.yml:54; roles/cis_hardening/defaults/main.yml:127; roles/cis_hardening/handlers/main.yml:4
service_rpcbind_disabled,pass,yes,roles/cis_hardening/tasks/updates_apparmor.yml:31; roles/cis_hardening/tasks/main.yml:54; roles/cis_hardening/defaults/main.yml:63; roles/cis_hardening/handlers/main.yml:4
service_rsyncd_disabled,pass,yes,roles/cis_hardening/tasks/updates_apparmor.yml:31; roles/cis_hardening/tasks/main.yml:54; roles/cis_hardening/defaults/main.yml:127; roles/cis_hardening/handlers/main.yml:4
service_rsyslog_enabled,pass,yes,roles/cis_hardening/tasks/updates_apparmor.yml:31; roles/cis_hardening/tasks/firewall.yml:60; roles/cis_hardening/tasks/services.yml:17; roles/cis_hardening/tasks/logging_audit.yml:2; roles/cis_hardening/tasks/main.yml:54; roles/cis_hardening/defaults/main.yml:127; roles/cis_hardening/handlers/main.yml:4
service_slapd_disabled,pass,yes,roles/cis_hardening/tasks/updates_apparmor.yml:31; roles/cis_hardening/tasks/main.yml:54; roles/cis_hardening/defaults/main.yml:67; roles/cis_hardening/handlers/main.yml:4
service_smb_disabled,pass,yes,roles/cis_hardening/tasks/updates_apparmor.yml:31; roles/cis_hardening/tasks/main.yml:54; roles/cis_hardening/defaults/main.yml:127; roles/cis_hardening/handlers/main.yml:4
service_snmpd_disabled,notapplicable,yes,roles/cis_hardening/tasks/updates_apparmor.yml:31; roles/cis_hardening/tasks/main.yml:54; roles/cis_hardening/defaults/main.yml:68; roles/cis_hardening/handlers/main.yml:4
service_squid_disabled,notapplicable,yes,roles/cis_hardening/tasks/updates_apparmor.yml:31; roles/cis_hardening/tasks/main.yml:54; roles/cis_hardening/defaults/main.yml:69; roles/cis_hardening/handlers/main.yml:4
service_systemd-journal-upload_enabled,fail,yes,roles/cis_hardening/tasks/updates_apparmor.yml:31; roles/cis_hardening/tasks/firewall.yml:60; roles/cis_hardening/tasks/services.yml:17; roles/cis_hardening/tasks/logging_audit.yml:9; roles/cis_hardening/tasks/main.yml:54; roles/cis_hardening/defaults/main.yml:127; roles/cis_hardening/handlers/main.yml:4
service_systemd-journald_enabled,pass,yes,roles/cis_hardening/tasks/updates_apparmor.yml:31; roles/cis_hardening/tasks/firewall.yml:60; roles/cis_hardening/tasks/services.yml:17; roles/cis_hardening/tasks/logging_audit.yml:9; roles/cis_hardening/tasks/main.yml:54; roles/cis_hardening/defaults/main.yml:127; roles/cis_hardening/handlers/main.yml:4
service_tftp_disabled,pass,yes,roles/cis_hardening/tasks/updates_apparmor.yml:31; roles/cis_hardening/tasks/main.yml:54; roles/cis_hardening/defaults/main.yml:127; roles/cis_hardening/handlers/main.yml:4
service_timesyncd_configured,fail,yes,roles/cis_hardening/tasks/updates_apparmor.yml:31; roles/cis_hardening/tasks/users.yml:36; roles/cis_hardening/tasks/services.yml:14; roles/cis_hardening/tasks/main.yml:54; roles/cis_hardening/defaults/main.yml:127; roles/cis_hardening/templates/sshd_01_cis.conf.j2:23; roles/cis_hardening/handlers/main.yml:4
service_timesyncd_disabled,notapplicable,yes,roles/cis_hardening/tasks/updates_apparmor.yml:31; roles/cis_hardening/tasks/services.yml:14; roles/cis_hardening/tasks/main.yml:54; roles/cis_hardening/defaults/main.yml:127; roles/cis_hardening/handlers/main.yml:4
service_timesyncd_enabled,notapplicable,yes,roles/cis_hardening/tasks/updates_apparmor.yml:31; roles/cis_hardening/tasks/firewall.yml:60; roles/cis_hardening/tasks/services.yml:14; roles/cis_hardening/tasks/logging_audit.yml:9; roles/cis_hardening/tasks/main.yml:54; roles/cis_hardening/defaults/main.yml:127; roles/cis_hardening/handlers/main.yml:4
service_ufw_enabled,pass,yes,roles/cis_hardening/tasks/updates_apparmor.yml:31; roles/cis_hardening/tasks/firewall.yml:60; roles/cis_hardening/tasks/services.yml:17; roles/cis_hardening/tasks/logging_audit.yml:9; roles/cis_hardening/tasks/main.yml:54; roles/cis_hardening/defaults/main.yml:127; roles/cis_hardening/handlers/main.yml:4
service_vsftpd_disabled,pass,yes,roles/cis_hardening/tasks/updates_apparmor.yml:31; roles/cis_hardening/tasks/main.yml:54; roles/cis_hardening/defaults/main.yml:73; roles/cis_hardening/handlers/main.yml:4
service_xinetd_disabled,pass,yes,roles/cis_hardening/tasks/updates_apparmor.yml:31; roles/cis_hardening/tasks/main.yml:54; roles/cis_hardening/defaults/main.yml:74; roles/cis_hardening/handlers/main.yml:4
service_ypserv_disabled,pass,yes,roles/cis_hardening/tasks/updates_apparmor.yml:31; roles/cis_hardening/tasks/main.yml:54; roles/cis_hardening/defaults/main.yml:75; roles/cis_hardening/handlers/main.yml:4
set_ip6tables_default_rule,notapplicable,yes,roles/cis_hardening/tasks/updates_apparmor.yml:25; roles/cis_hardening/tasks/sudo.yml:15; roles/cis_hardening/tasks/users.yml:2; roles/cis_hardening/tasks/mount_options.yml:15; roles/cis_hardening/tasks/pam.yml:25; roles/cis_hardening/tasks/firewall.yml:15; roles/cis_hardening/tasks/logging_audit.yml:9; roles/cis_hardening/tasks/kernel_modules.yml:21; roles/cis_hardening/tasks/process_hardening.yml:15; roles/cis_hardening/defaults/main.yml:102; roles/cis_hardening/templates/sshd_01_cis.conf.j2:10
set_iptables_default_rule,notapplicable,yes,roles/cis_hardening/tasks/updates_apparmor.yml:25; roles/cis_hardening/tasks/sudo.yml:15; roles/cis_hardening/tasks/users.yml:2; roles/cis_hardening/tasks/mount_options.yml:15; roles/cis_hardening/tasks/pam.yml:25; roles/cis_hardening/tasks/firewall.yml:15; roles/cis_hardening/tasks/logging_audit.yml:9; roles/cis_hardening/tasks/kernel_modules.yml:21; roles/cis_hardening/tasks/process_hardening.yml:15; roles/cis_hardening/defaults/main.yml:102; roles/cis_hardening/templates/sshd_01_cis.conf.j2:10
set_ipv6_loopback_traffic,notapplicable,yes,roles/cis_hardening/tasks/firewall.yml:27
set_loopback_traffic,notapplicable,yes,roles/cis_hardening/tasks/firewall.yml:27
set_nftables_base_chain,pass,no,
set_nftables_loopback_traffic,fail,yes,roles/cis_hardening/tasks/firewall.yml:27
set_nftables_table,fail,yes,roles/cis_hardening/tasks/updates_apparmor.yml:45; roles/cis_hardening/tasks/ssh.yml:83; roles/cis_hardening/tasks/pam.yml:123; roles/cis_hardening/tasks/logging_audit.yml:109; roles/cis_hardening/tasks/file_perms.yml:41
set_password_hashing_algorithm_logindefs,pass,yes,roles/cis_hardening/tasks/ssh.yml:81; roles/cis_hardening/tasks/pam.yml:2; roles/cis_hardening/tasks/main.yml:89; roles/cis_hardening/defaults/main.yml:38; roles/cis_hardening/templates/sshd_01_cis.conf.j2:8
set_password_hashing_algorithm_systemauth,pass,yes,roles/cis_hardening/tasks/ssh.yml:81; roles/cis_hardening/tasks/pam.yml:2; roles/cis_hardening/tasks/main.yml:89; roles/cis_hardening/defaults/main.yml:38; roles/cis_hardening/templates/sshd_01_cis.conf.j2:8
set_ufw_default_rule,fail,yes,roles/cis_hardening/tasks/updates_apparmor.yml:25; roles/cis_hardening/tasks/sudo.yml:15; roles/cis_hardening/tasks/users.yml:2; roles/cis_hardening/tasks/mount_options.yml:15; roles/cis_hardening/tasks/pam.yml:25; roles/cis_hardening/tasks/firewall.yml:15; roles/cis_hardening/tasks/logging_audit.yml:9; roles/cis_hardening/tasks/kernel_modules.yml:21; roles/cis_hardening/tasks/process_hardening.yml:15; roles/cis_hardening/defaults/main.yml:102; roles/cis_hardening/templates/sshd_01_cis.conf.j2:10
set_ufw_loopback_traffic,fail,yes,roles/cis_hardening/tasks/firewall.yml:27
socket_systemd-journal-remote_disabled,fail,yes,roles/cis_hardening/tasks/logging_audit.yml:2
sshd_disable_empty_passwords,pass,yes,roles/cis_hardening/tasks/users.yml:20; roles/cis_hardening/tasks/ssh.yml:81; roles/cis_hardening/tasks/services.yml:14; roles/cis_hardening/tasks/kernel_modules.yml:2; roles/cis_hardening/tasks/process_hardening.yml:26; roles/cis_hardening/defaults/main.yml:80; roles/cis_hardening/templates/sshd_01_cis.conf.j2:8
sshd_disable_rhosts,pass,yes,roles/cis_hardening/tasks/users.yml:20; roles/cis_hardening/tasks/ssh.yml:81; roles/cis_hardening/tasks/services.yml:14; roles/cis_hardening/tasks/kernel_modules.yml:2; roles/cis_hardening/tasks/process_hardening.yml:26; roles/cis_hardening/defaults/main.yml:80; roles/cis_hardening/templates/sshd_01_cis.conf.j2:5
sshd_disable_root_login,pass,yes,roles/cis_hardening/tasks/users.yml:14; roles/cis_hardening/tasks/ssh.yml:81; roles/cis_hardening/tasks/pam.yml:91; roles/cis_hardening/tasks/services.yml:14; roles/cis_hardening/tasks/kernel_modules.yml:2; roles/cis_hardening/tasks/process_hardening.yml:26; roles/cis_hardening/defaults/main.yml:37; roles/cis_hardening/templates/sshd_01_cis.conf.j2:7
sshd_do_not_permit_user_env,pass,yes,roles/cis_hardening/tasks/ssh.yml:81; roles/cis_hardening/templates/sshd_01_cis.conf.j2:7
sshd_enable_pam,pass,yes,roles/cis_hardening/tasks/updates_apparmor.yml:23; roles/cis_hardening/tasks/pam.yml:117; roles/cis_hardening/tasks/firewall.yml:58; roles/cis_hardening/tasks/services.yml:17; roles/cis_hardening/tasks/logging_audit.yml:9; roles/cis_hardening/defaults/main.yml:127
sshd_enable_warning_banner_net,pass,yes,roles/cis_hardening/tasks/updates_apparmor.yml:23; roles/cis_hardening/tasks/ssh.yml:81; roles/cis_hardening/tasks/pam.yml:117; roles/cis_hardening/tasks/firewall.yml:58; roles/cis_hardening/tasks/banners.yml:2; roles/cis_hardening/tasks/services.yml:17; roles/cis_hardening/tasks/logging_audit.yml:9; roles/cis_hardening/tasks/main.yml:47; roles/cis_hardening/defaults/main.yml:127; roles/cis_hardening/templates/sshd_01_cis.conf.j2:18
sshd_limit_user_access,pass,yes,roles/cis_hardening/tasks/updates_apparmor.yml:27; roles/cis_hardening/tasks/pam.yml:160; roles/cis_hardening/tasks/process_hardening.yml:26; roles/cis_hardening/tasks/main.yml:33; roles/cis_hardening/defaults/main.yml:47; roles/cis_hardening/templates/sshd_01_cis.conf.j2:23
sshd_set_idle_timeout,fail,yes,roles/cis_hardening/tasks/sudo.yml:18; roles/cis_hardening/tasks/logging_audit.yml:99
sshd_set_keepalive,fail,no,
sshd_set_login_grace_time,pass,yes,roles/cis_hardening/tasks/users.yml:14; roles/cis_hardening/tasks/ssh.yml:81; roles/cis_hardening/tasks/pam.yml:91; roles/cis_hardening/defaults/main.yml:37; roles/cis_hardening/templates/sshd_01_cis.conf.j2:7
sshd_set_loglevel_info,fail,yes,roles/cis_hardening/tasks/ssh.yml:81; roles/cis_hardening/templates/sshd_01_cis.conf.j2:2
sshd_set_max_auth_tries,pass,yes,roles/cis_hardening/tasks/updates_apparmor.yml:12; roles/cis_hardening/tasks/ssh.yml:81; roles/cis_hardening/tasks/logging_audit.yml:121; roles/cis_hardening/defaults/main.yml:36; roles/cis_hardening/templates/sshd_01_cis.conf.j2:4
sshd_set_max_sessions,pass,yes,roles/cis_hardening/tasks/ssh.yml:81; roles/cis_hardening/templates/sshd_01_cis.conf.j2:22
sshd_set_maxstartups,pass,yes,roles/cis_hardening/tasks/ssh.yml:81; roles/cis_hardening/templates/sshd_01_cis.conf.j2:21
sshd_use_strong_ciphers,pass,yes,roles/cis_hardening/templates/sshd_01_cis.conf.j2:12
sshd_use_strong_kex,pass,no,
sshd_use_strong_macs,fail,no,
sudo_add_use_pty,pass,yes,roles/cis_hardening/tasks/sudo.yml:15
sudo_custom_logfile,pass,yes,roles/cis_hardening/tasks/sudo.yml:16
sudo_remove_no_authenticate,pass,yes,roles/cis_hardening/tasks/updates_apparmor.yml:10; roles/cis_hardening/tasks/users.yml:41; roles/cis_hardening/tasks/ssh.yml:27; roles/cis_hardening/tasks/pam.yml:173; roles/cis_hardening/tasks/services.yml:2; roles/cis_hardening/tasks/process_hardening.yml:10; roles/cis_hardening/defaults/main.yml:52
sudo_require_reauthentication,pass,yes,roles/cis_hardening/tasks/pam.yml:79; roles/cis_hardening/templates/sshd_01_cis.conf.j2:23
sysctl_fs_suid_dumpable,pass,yes,roles/cis_hardening/tasks/network.yml:3; roles/cis_hardening/tasks/process_hardening.yml:17; roles/cis_hardening/defaults/main.yml:97; roles/cis_hardening/templates/60-cis.conf.j2:1; roles/cis_hardening/handlers/main.yml:13
sysctl_kernel_randomize_va_space,pass,yes,roles/cis_hardening/tasks/network.yml:3; roles/cis_hardening/tasks/logging_audit.yml:51; roles/cis_hardening/tasks/kernel_modules.yml:2; roles/cis_hardening/tasks/process_hardening.yml:17; roles/cis_hardening/tasks/main.yml:19; roles/cis_hardening/defaults/main.yml:61; roles/cis_hardening/templates/60-cis.conf.j2:1; roles/cis_hardening/handlers/main.yml:13
sysctl_kernel_yama_ptrace_scope,pass,yes,roles/cis_hardening/tasks/network.yml:3; roles/cis_hardening/tasks/kernel_modules.yml:2; roles/cis_hardening/tasks/process_hardening.yml:17; roles/cis_hardening/tasks/main.yml:19; roles/cis_hardening/defaults/main.yml:61; roles/cis_hardening/templates/60-cis.conf.j2:1; roles/cis_hardening/handlers/main.yml:13
sysctl_net_ipv4_conf_all_accept_redirects,pass,yes,roles/cis_hardening/tasks/network.yml:3; roles/cis_hardening/tasks/process_hardening.yml:17; roles/cis_hardening/defaults/main.yml:97; roles/cis_hardening/templates/60-cis.conf.j2:1; roles/cis_hardening/handlers/main.yml:13
sysctl_net_ipv4_conf_all_accept_source_route,pass,yes,roles/cis_hardening/tasks/network.yml:3; roles/cis_hardening/tasks/firewall.yml:41; roles/cis_hardening/tasks/process_hardening.yml:17; roles/cis_hardening/defaults/main.yml:97; roles/cis_hardening/templates/60-cis.conf.j2:1; roles/cis_hardening/handlers/main.yml:13
sysctl_net_ipv4_conf_all_log_martians,fail,yes,roles/cis_hardening/tasks/network.yml:3; roles/cis_hardening/tasks/process_hardening.yml:17; roles/cis_hardening/defaults/main.yml:97; roles/cis_hardening/templates/60-cis.conf.j2:1; roles/cis_hardening/handlers/main.yml:13
sysctl_net_ipv4_conf_all_rp_filter,fail,yes,roles/cis_hardening/tasks/network.yml:3; roles/cis_hardening/tasks/process_hardening.yml:17; roles/cis_hardening/defaults/main.yml:97; roles/cis_hardening/templates/60-cis.conf.j2:1; roles/cis_hardening/handlers/main.yml:13
sysctl_net_ipv4_conf_all_secure_redirects,pass,yes,roles/cis_hardening/tasks/network.yml:3; roles/cis_hardening/tasks/ssh.yml:62; roles/cis_hardening/tasks/services.yml:39; roles/cis_hardening/tasks/process_hardening.yml:2; roles/cis_hardening/defaults/main.yml:97; roles/cis_hardening/templates/60-cis.conf.j2:1; roles/cis_hardening/handlers/main.yml:13
sysctl_net_ipv4_conf_all_send_redirects,pass,yes,roles/cis_hardening/tasks/network.yml:3; roles/cis_hardening/tasks/process_hardening.yml:17; roles/cis_hardening/defaults/main.yml:97; roles/cis_hardening/templates/60-cis.conf.j2:1; roles/cis_hardening/handlers/main.yml:13
sysctl_net_ipv4_conf_default_accept_redirects,pass,yes,roles/cis_hardening/tasks/updates_apparmor.yml:25; roles/cis_hardening/tasks/network.yml:3; roles/cis_hardening/tasks/sudo.yml:15; roles/cis_hardening/tasks/users.yml:2; roles/cis_hardening/tasks/mount_options.yml:15; roles/cis_hardening/tasks/pam.yml:25; roles/cis_hardening/tasks/firewall.yml:15; roles/cis_hardening/tasks/logging_audit.yml:9; roles/cis_hardening/tasks/kernel_modules.yml:21; roles/cis_hardening/tasks/process_hardening.yml:15; roles/cis_hardening/defaults/main.yml:97; roles/cis_hardening/templates/60-cis.conf.j2:1; roles/cis_hardening/templates/sshd_01_cis.conf.j2:10; roles/cis_hardening/handlers/main.yml:13
sysctl_net_ipv4_conf_default_accept_source_route,pass,yes,roles/cis_hardening/tasks/updates_apparmor.yml:25; roles/cis_hardening/tasks/network.yml:3; roles/cis_hardening/tasks/sudo.yml:15; roles/cis_hardening/tasks/users.yml:2; roles/cis_hardening/tasks/mount_options.yml:15; roles/cis_hardening/tasks/pam.yml:25; roles/cis_hardening/tasks/firewall.yml:15; roles/cis_hardening/tasks/logging_audit.yml:9; roles/cis_hardening/tasks/kernel_modules.yml:21; roles/cis_hardening/tasks/process_hardening.yml:15; roles/cis_hardening/defaults/main.yml:97; roles/cis_hardening/templates/60-cis.conf.j2:1; roles/cis_hardening/templates/sshd_01_cis.conf.j2:10; roles/cis_hardening/handlers/main.yml:13
sysctl_net_ipv4_conf_default_log_martians,fail,yes,roles/cis_hardening/tasks/updates_apparmor.yml:25; roles/cis_hardening/tasks/network.yml:3; roles/cis_hardening/tasks/sudo.yml:15; roles/cis_hardening/tasks/users.yml:2; roles/cis_hardening/tasks/mount_options.yml:15; roles/cis_hardening/tasks/pam.yml:25; roles/cis_hardening/tasks/firewall.yml:15; roles/cis_hardening/tasks/logging_audit.yml:9; roles/cis_hardening/tasks/kernel_modules.yml:21; roles/cis_hardening/tasks/process_hardening.yml:15; roles/cis_hardening/defaults/main.yml:97; roles/cis_hardening/templates/60-cis.conf.j2:1; roles/cis_hardening/templates/sshd_01_cis.conf.j2:10; roles/cis_hardening/handlers/main.yml:13
sysctl_net_ipv4_conf_default_rp_filter,fail,yes,roles/cis_hardening/tasks/updates_apparmor.yml:25; roles/cis_hardening/tasks/network.yml:3; roles/cis_hardening/tasks/sudo.yml:15; roles/cis_hardening/tasks/users.yml:2; roles/cis_hardening/tasks/mount_options.yml:15; roles/cis_hardening/tasks/pam.yml:25; roles/cis_hardening/tasks/firewall.yml:15; roles/cis_hardening/tasks/logging_audit.yml:9; roles/cis_hardening/tasks/kernel_modules.yml:21; roles/cis_hardening/tasks/process_hardening.yml:15; roles/cis_hardening/defaults/main.yml:97; roles/cis_hardening/templates/60-cis.conf.j2:1; roles/cis_hardening/templates/sshd_01_cis.conf.j2:10; roles/cis_hardening/handlers/main.yml:13
sysctl_net_ipv4_conf_default_secure_redirects,pass,yes,roles/cis_hardening/tasks/updates_apparmor.yml:25; roles/cis_hardening/tasks/network.yml:3; roles/cis_hardening/tasks/sudo.yml:15; roles/cis_hardening/tasks/users.yml:2; roles/cis_hardening/tasks/ssh.yml:62; roles/cis_hardening/tasks/mount_options.yml:15; roles/cis_hardening/tasks/pam.yml:25; roles/cis_hardening/tasks/firewall.yml:15; roles/cis_hardening/tasks/services.yml:39; roles/cis_hardening/tasks/logging_audit.yml:9; roles/cis_hardening/tasks/kernel_modules.yml:21; roles/cis_hardening/tasks/process_hardening.yml:2; roles/cis_hardening/defaults/main.yml:97; roles/cis_hardening/templates/60-cis.conf.j2:1; roles/cis_hardening/templates/sshd_01_cis.conf.j2:10; roles/cis_hardening/handlers/main.yml:13
sysctl_net_ipv4_conf_default_send_redirects,pass,yes,roles/cis_hardening/tasks/updates_apparmor.yml:25; roles/cis_hardening/tasks/network.yml:3; roles/cis_hardening/tasks/sudo.yml:15; roles/cis_hardening/tasks/users.yml:2; roles/cis_hardening/tasks/mount_options.yml:15; roles/cis_hardening/tasks/pam.yml:25; roles/cis_hardening/tasks/firewall.yml:15; roles/cis_hardening/tasks/logging_audit.yml:9; roles/cis_hardening/tasks/kernel_modules.yml:21; roles/cis_hardening/tasks/process_hardening.yml:15; roles/cis_hardening/defaults/main.yml:97; roles/cis_hardening/templates/60-cis.conf.j2:1; roles/cis_hardening/templates/sshd_01_cis.conf.j2:10; roles/cis_hardening/handlers/main.yml:13
sysctl_net_ipv4_icmp_echo_ignore_broadcasts,pass,yes,roles/cis_hardening/tasks/updates_apparmor.yml:36; roles/cis_hardening/tasks/network.yml:3; roles/cis_hardening/tasks/ssh.yml:81; roles/cis_hardening/tasks/pam.yml:190; roles/cis_hardening/tasks/services.yml:37; roles/cis_hardening/tasks/logging_audit.yml:20; roles/cis_hardening/tasks/process_hardening.yml:17; roles/cis_hardening/defaults/main.yml:97; roles/cis_hardening/templates/60-cis.conf.j2:1; roles/cis_hardening/templates/sshd_01_cis.conf.j2:5; roles/cis_hardening/handlers/main.yml:13
sysctl_net_ipv4_icmp_ignore_bogus_error_responses,pass,yes,roles/cis_hardening/tasks/updates_apparmor.yml:36; roles/cis_hardening/tasks/network.yml:3; roles/cis_hardening/tasks/ssh.yml:81; roles/cis_hardening/tasks/pam.yml:190; roles/cis_hardening/tasks/services.yml:37; roles/cis_hardening/tasks/logging_audit.yml:20; roles/cis_hardening/tasks/process_hardening.yml:17; roles/cis_hardening/defaults/main.yml:97; roles/cis_hardening/templates/60-cis.conf.j2:1; roles/cis_hardening/templates/sshd_01_cis.conf.j2:5; roles/cis_hardening/handlers/main.yml:13
sysctl_net_ipv4_ip_forward,fail,yes,roles/cis_hardening/tasks/network.yml:3; roles/cis_hardening/tasks/ssh.yml:81; roles/cis_hardening/tasks/logging_audit.yml:12; roles/cis_hardening/tasks/process_hardening.yml:17; roles/cis_hardening/defaults/main.yml:97; roles/cis_hardening/templates/60-cis.conf.j2:1; roles/cis_hardening/templates/sshd_01_cis.conf.j2:3; roles/cis_hardening/handlers/main.yml:13
sysctl_net_ipv4_tcp_syncookies,pass,yes,roles/cis_hardening/tasks/network.yml:3; roles/cis_hardening/tasks/process_hardening.yml:17; roles/cis_hardening/defaults/main.yml:97; roles/cis_hardening/templates/60-cis.conf.j2:1; roles/cis_hardening/handlers/main.yml:13
sysctl_net_ipv6_conf_all_accept_ra,pass,yes,roles/cis_hardening/tasks/network.yml:3; roles/cis_hardening/tasks/process_hardening.yml:17; roles/cis_hardening/defaults/main.yml:97; roles/cis_hardening/templates/60-cis.conf.j2:1; roles/cis_hardening/handlers/main.yml:13
sysctl_net_ipv6_conf_all_accept_redirects,pass,yes,roles/cis_hardening/tasks/network.yml:3; roles/cis_hardening/tasks/process_hardening.yml:17; roles/cis_hardening/defaults/main.yml:97; roles/cis_hardening/templates/60-cis.conf.j2:1; roles/cis_hardening/handlers/main.yml:13
sysctl_net_ipv6_conf_all_accept_source_route,pass,yes,roles/cis_hardening/tasks/network.yml:3; roles/cis_hardening/tasks/firewall.yml:41; roles/cis_hardening/tasks/process_hardening.yml:17; roles/cis_hardening/defaults/main.yml:97; roles/cis_hardening/templates/60-cis.conf.j2:1; roles/cis_hardening/handlers/main.yml:13
sysctl_net_ipv6_conf_all_forwarding,fail,yes,roles/cis_hardening/tasks/network.yml:3; roles/cis_hardening/tasks/ssh.yml:81; roles/cis_hardening/tasks/logging_audit.yml:12; roles/cis_hardening/tasks/process_hardening.yml:17; roles/cis_hardening/defaults/main.yml:97; roles/cis_hardening/templates/60-cis.conf.j2:1; roles/cis_hardening/templates/sshd_01_cis.conf.j2:3; roles/cis_hardening/handlers/main.yml:13
sysctl_net_ipv6_conf_default_accept_ra,pass,yes,roles/cis_hardening/tasks/updates_apparmor.yml:25; roles/cis_hardening/tasks/network.yml:3; roles/cis_hardening/tasks/sudo.yml:15; roles/cis_hardening/tasks/users.yml:2; roles/cis_hardening/tasks/mount_options.yml:15; roles/cis_hardening/tasks/pam.yml:25; roles/cis_hardening/tasks/firewall.yml:15; roles/cis_hardening/tasks/logging_audit.yml:9; roles/cis_hardening/tasks/kernel_modules.yml:21; roles/cis_hardening/tasks/process_hardening.yml:15; roles/cis_hardening/defaults/main.yml:97; roles/cis_hardening/templates/60-cis.conf.j2:1; roles/cis_hardening/templates/sshd_01_cis.conf.j2:10; roles/cis_hardening/handlers/main.yml:13
sysctl_net_ipv6_conf_default_accept_redirects,pass,yes,roles/cis_hardening/tasks/updates_apparmor.yml:25; roles/cis_hardening/tasks/network.yml:3; roles/cis_hardening/tasks/sudo.yml:15; roles/cis_hardening/tasks/users.yml:2; roles/cis_hardening/tasks/mount_options.yml:15; roles/cis_hardening/tasks/pam.yml:25; roles/cis_hardening/tasks/firewall.yml:15; roles/cis_hardening/tasks/logging_audit.yml:9; roles/cis_hardening/tasks/kernel_modules.yml:21; roles/cis_hardening/tasks/process_hardening.yml:15; roles/cis_hardening/defaults/main.yml:97; roles/cis_hardening/templates/60-cis.conf.j2:1; roles/cis_hardening/templates/sshd_01_cis.conf.j2:10; roles/cis_hardening/handlers/main.yml:13
sysctl_net_ipv6_conf_default_accept_source_route,pass,yes,roles/cis_hardening/tasks/updates_apparmor.yml:25; roles/cis_hardening/tasks/network.yml:3; roles/cis_hardening/tasks/sudo.yml:15; roles/cis_hardening/tasks/users.yml:2; roles/cis_hardening/tasks/mount_options.yml:15; roles/cis_hardening/tasks/pam.yml:25; roles/cis_hardening/tasks/firewall.yml:15; roles/cis_hardening/tasks/logging_audit.yml:9; roles/cis_hardening/tasks/kernel_modules.yml:21; roles/cis_hardening/tasks/process_hardening.yml:15; roles/cis_hardening/defaults/main.yml:97; roles/cis_hardening/templates/60-cis.conf.j2:1; roles/cis_hardening/templates/sshd_01_cis.conf.j2:10; roles/cis_hardening/handlers/main.yml:13
systemd_journal_upload_server_tls,notapplicable,yes,roles/cis_hardening/tasks/updates_apparmor.yml:32; roles/cis_hardening/tasks/users.yml:34; roles/cis_hardening/tasks/mount_options.yml:44; roles/cis_hardening/tasks/services.yml:2; roles/cis_hardening/tasks/logging_audit.yml:2; roles/cis_hardening/tasks/process_hardening.yml:35; roles/cis_hardening/defaults/main.yml:44; roles/cis_hardening/handlers/main.yml:25
systemd_journal_upload_url,notapplicable,yes,roles/cis_hardening/tasks/updates_apparmor.yml:32; roles/cis_hardening/tasks/mount_options.yml:44; roles/cis_hardening/tasks/services.yml:14; roles/cis_hardening/tasks/logging_audit.yml:2; roles/cis_hardening/tasks/process_hardening.yml:35; roles/cis_hardening/handlers/main.yml:25
ufw_rules_for_open_ports,fail,yes,roles/cis_hardening/tasks/firewall.yml:48; roles/cis_hardening/tasks/logging_audit.yml:57; roles/cis_hardening/tasks/main.yml:8; roles/cis_hardening/defaults/main.yml:42
use_pam_wheel_group_for_su,pass,yes,roles/cis_hardening/tasks/sudo.yml:11; roles/cis_hardening/tasks/users.yml:6; roles/cis_hardening/tasks/ssh.yml:7; roles/cis_hardening/tasks/pam.yml:13; roles/cis_hardening/tasks/banners.yml:6; roles/cis_hardening/tasks/services.yml:25; roles/cis_hardening/tasks/logging_audit.yml:27; roles/cis_hardening/tasks/kernel_modules.yml:6; roles/cis_hardening/tasks/process_hardening.yml:6; roles/cis_hardening/tasks/file_perms.yml:6; roles/cis_hardening/defaults/main.yml:32; roles/cis_hardening/templates/sshd_01_cis.conf.j2:14
wireless_disable_interfaces,pass,yes,roles/cis_hardening/tasks/users.yml:20; roles/cis_hardening/tasks/services.yml:14; roles/cis_hardening/tasks/kernel_modules.yml:2; roles/cis_hardening/tasks/process_hardening.yml:26; roles/cis_hardening/defaults/main.yml:80
